variant,size_label,size_bytes,iteration,phase,duration_ns
A_full,1KB,1024,0,t0_t1_validation,435300
A_full,1KB,1024,0,t1_t2_encode,5300
A_full,1KB,1024,0,t2_t3_write,1698500
A_full,1KB,1024,0,t3_t4_rename,0
A_full,1KB,1024,0,t4_t5_audit,39800
A_full,1KB,1024,0,t5_t6_return,1000
A_full,1KB,1024,0,t0_t6_total,2179900
A_full,1KB,1024,1,t0_t1_validation,726400
A_full,1KB,1024,1,t1_t2_encode,5600
A_full,1KB,1024,1,t2_t3_write,1941000
A_full,1KB,1024,1,t3_t4_rename,0
A_full,1KB,1024,1,t4_t5_audit,51900
A_full,1KB,1024,1,t5_t6_return,400
A_full,1KB,1024,1,t0_t6_total,2725300
A_full,1KB,1024,2,t0_t1_validation,553700
A_full,1KB,1024,2,t1_t2_encode,21100
A_full,1KB,1024,2,t2_t3_write,1792900
A_full,1KB,1024,2,t3_t4_rename,0
A_full,1KB,1024,2,t4_t5_audit,54600
A_full,1KB,1024,2,t5_t6_return,600
A_full,1KB,1024,2,t0_t6_total,2422900
A_full,1KB,1024,3,t0_t1_validation,867000
A_full,1KB,1024,3,t1_t2_encode,14300
A_full,1KB,1024,3,t2_t3_write,1817000
A_full,1KB,1024,3,t3_t4_rename,0
A_full,1KB,1024,3,t4_t5_audit,61200
A_full,1KB,1024,3,t5_t6_return,300
A_full,1KB,1024,3,t0_t6_total,2759800
A_full,1KB,1024,4,t0_t1_validation,464800
A_full,1KB,1024,4,t1_t2_encode,11600
A_full,1KB,1024,4,t2_t3_write,1551900
A_full,1KB,1024,4,t3_t4_rename,0
A_full,1KB,1024,4,t4_t5_audit,39600
A_full,1KB,1024,4,t5_t6_return,300
A_full,1KB,1024,4,t0_t6_total,2068200
A_full,1KB,1024,5,t0_t1_validation,313300
A_full,1KB,1024,5,t1_t2_encode,7200
A_full,1KB,1024,5,t2_t3_write,1717000
A_full,1KB,1024,5,t3_t4_rename,0
A_full,1KB,1024,5,t4_t5_audit,30700
A_full,1KB,1024,5,t5_t6_return,400
A_full,1KB,1024,5,t0_t6_total,2068600
A_full,1KB,1024,6,t0_t1_validation,491900
A_full,1KB,1024,6,t1_t2_encode,6600
A_full,1KB,1024,6,t2_t3_write,1424700
A_full,1KB,1024,6,t3_t4_rename,0
A_full,1KB,1024,6,t4_t5_audit,28500
A_full,1KB,1024,6,t5_t6_return,400
A_full,1KB,1024,6,t0_t6_total,1952100
A_full,1KB,1024,7,t0_t1_validation,238900
A_full,1KB,1024,7,t1_t2_encode,14000
A_full,1KB,1024,7,t2_t3_write,1291500
A_full,1KB,1024,7,t3_t4_rename,0
A_full,1KB,1024,7,t4_t5_audit,19100
A_full,1KB,1024,7,t5_t6_return,4400
A_full,1KB,1024,7,t0_t6_total,1567900
A_full,1KB,1024,8,t0_t1_validation,358500
A_full,1KB,1024,8,t1_t2_encode,11600
A_full,1KB,1024,8,t2_t3_write,1378700
A_full,1KB,1024,8,t3_t4_rename,0
A_full,1KB,1024,8,t4_t5_audit,16500
A_full,1KB,1024,8,t5_t6_return,400
A_full,1KB,1024,8,t0_t6_total,1765700
A_full,1KB,1024,9,t0_t1_validation,271100
A_full,1KB,1024,9,t1_t2_encode,3500
A_full,1KB,1024,9,t2_t3_write,1835400
A_full,1KB,1024,9,t3_t4_rename,0
A_full,1KB,1024,9,t4_t5_audit,33400
A_full,1KB,1024,9,t5_t6_return,300
A_full,1KB,1024,9,t0_t6_total,2143700
A_full,1KB,1024,10,t0_t1_validation,381000
A_full,1KB,1024,10,t1_t2_encode,4100
A_full,1KB,1024,10,t2_t3_write,1657700
A_full,1KB,1024,10,t3_t4_rename,0
A_full,1KB,1024,10,t4_t5_audit,16400
A_full,1KB,1024,10,t5_t6_return,300
A_full,1KB,1024,10,t0_t6_total,2059500
A_full,1KB,1024,11,t0_t1_validation,365700
A_full,1KB,1024,11,t1_t2_encode,3200
A_full,1KB,1024,11,t2_t3_write,1487800
A_full,1KB,1024,11,t3_t4_rename,0
A_full,1KB,1024,11,t4_t5_audit,21300
A_full,1KB,1024,11,t5_t6_return,400
A_full,1KB,1024,11,t0_t6_total,1878400
A_full,1KB,1024,12,t0_t1_validation,375200
A_full,1KB,1024,12,t1_t2_encode,5300
A_full,1KB,1024,12,t2_t3_write,1921200
A_full,1KB,1024,12,t3_t4_rename,0
A_full,1KB,1024,12,t4_t5_audit,23200
A_full,1KB,1024,12,t5_t6_return,300
A_full,1KB,1024,12,t0_t6_total,2325200
A_full,1KB,1024,13,t0_t1_validation,258000
A_full,1KB,1024,13,t1_t2_encode,4200
A_full,1KB,1024,13,t2_t3_write,1382600
A_full,1KB,1024,13,t3_t4_rename,0
A_full,1KB,1024,13,t4_t5_audit,27900
A_full,1KB,1024,13,t5_t6_return,500
A_full,1KB,1024,13,t0_t6_total,1673200
A_full,1KB,1024,14,t0_t1_validation,231500
A_full,1KB,1024,14,t1_t2_encode,4600
A_full,1KB,1024,14,t2_t3_write,1308300
A_full,1KB,1024,14,t3_t4_rename,0
A_full,1KB,1024,14,t4_t5_audit,15000
A_full,1KB,1024,14,t5_t6_return,300
A_full,1KB,1024,14,t0_t6_total,1559700
A_full,1KB,1024,15,t0_t1_validation,256300
A_full,1KB,1024,15,t1_t2_encode,5800
A_full,1KB,1024,15,t2_t3_write,1281000
A_full,1KB,1024,15,t3_t4_rename,0
A_full,1KB,1024,15,t4_t5_audit,23300
A_full,1KB,1024,15,t5_t6_return,300
A_full,1KB,1024,15,t0_t6_total,1566700
A_full,1KB,1024,16,t0_t1_validation,259900
A_full,1KB,1024,16,t1_t2_encode,4500
A_full,1KB,1024,16,t2_t3_write,1390400
A_full,1KB,1024,16,t3_t4_rename,0
A_full,1KB,1024,16,t4_t5_audit,14700
A_full,1KB,1024,16,t5_t6_return,300
A_full,1KB,1024,16,t0_t6_total,1669800
A_full,1KB,1024,17,t0_t1_validation,403600
A_full,1KB,1024,17,t1_t2_encode,7400
A_full,1KB,1024,17,t2_t3_write,1986800
A_full,1KB,1024,17,t3_t4_rename,0
A_full,1KB,1024,17,t4_t5_audit,23500
A_full,1KB,1024,17,t5_t6_return,400
A_full,1KB,1024,17,t0_t6_total,2421700
A_full,1KB,1024,18,t0_t1_validation,282300
A_full,1KB,1024,18,t1_t2_encode,3600
A_full,1KB,1024,18,t2_t3_write,1490700
A_full,1KB,1024,18,t3_t4_rename,0
A_full,1KB,1024,18,t4_t5_audit,21100
A_full,1KB,1024,18,t5_t6_return,300
A_full,1KB,1024,18,t0_t6_total,1798000
A_full,1KB,1024,19,t0_t1_validation,370500
A_full,1KB,1024,19,t1_t2_encode,5300
A_full,1KB,1024,19,t2_t3_write,1365800
A_full,1KB,1024,19,t3_t4_rename,0
A_full,1KB,1024,19,t4_t5_audit,12800
A_full,1KB,1024,19,t5_t6_return,200
A_full,1KB,1024,19,t0_t6_total,1754600
A_full,1KB,1024,20,t0_t1_validation,358100
A_full,1KB,1024,20,t1_t2_encode,4700
A_full,1KB,1024,20,t2_t3_write,1316300
A_full,1KB,1024,20,t3_t4_rename,0
A_full,1KB,1024,20,t4_t5_audit,14900
A_full,1KB,1024,20,t5_t6_return,300
A_full,1KB,1024,20,t0_t6_total,1694300
A_full,1KB,1024,21,t0_t1_validation,244600
A_full,1KB,1024,21,t1_t2_encode,3200
A_full,1KB,1024,21,t2_t3_write,1451600
A_full,1KB,1024,21,t3_t4_rename,0
A_full,1KB,1024,21,t4_t5_audit,18400
A_full,1KB,1024,21,t5_t6_return,200
A_full,1KB,1024,21,t0_t6_total,1718000
A_full,1KB,1024,22,t0_t1_validation,255300
A_full,1KB,1024,22,t1_t2_encode,3000
A_full,1KB,1024,22,t2_t3_write,1195400
A_full,1KB,1024,22,t3_t4_rename,0
A_full,1KB,1024,22,t4_t5_audit,13700
A_full,1KB,1024,22,t5_t6_return,300
A_full,1KB,1024,22,t0_t6_total,1467700
A_full,1KB,1024,23,t0_t1_validation,288200
A_full,1KB,1024,23,t1_t2_encode,5800
A_full,1KB,1024,23,t2_t3_write,1606100
A_full,1KB,1024,23,t3_t4_rename,0
A_full,1KB,1024,23,t4_t5_audit,18500
A_full,1KB,1024,23,t5_t6_return,300
A_full,1KB,1024,23,t0_t6_total,1918900
A_full,1KB,1024,24,t0_t1_validation,308500
A_full,1KB,1024,24,t1_t2_encode,3500
A_full,1KB,1024,24,t2_t3_write,1646800
A_full,1KB,1024,24,t3_t4_rename,0
A_full,1KB,1024,24,t4_t5_audit,18300
A_full,1KB,1024,24,t5_t6_return,300
A_full,1KB,1024,24,t0_t6_total,1977400
A_full,1KB,1024,25,t0_t1_validation,253300
A_full,1KB,1024,25,t1_t2_encode,7900
A_full,1KB,1024,25,t2_t3_write,1816100
A_full,1KB,1024,25,t3_t4_rename,0
A_full,1KB,1024,25,t4_t5_audit,13200
A_full,1KB,1024,25,t5_t6_return,300
A_full,1KB,1024,25,t0_t6_total,2090800
A_full,1KB,1024,26,t0_t1_validation,327600
A_full,1KB,1024,26,t1_t2_encode,3100
A_full,1KB,1024,26,t2_t3_write,1396000
A_full,1KB,1024,26,t3_t4_rename,0
A_full,1KB,1024,26,t4_t5_audit,17200
A_full,1KB,1024,26,t5_t6_return,400
A_full,1KB,1024,26,t0_t6_total,1744300
A_full,1KB,1024,27,t0_t1_validation,372200
A_full,1KB,1024,27,t1_t2_encode,4200
A_full,1KB,1024,27,t2_t3_write,1171700
A_full,1KB,1024,27,t3_t4_rename,0
A_full,1KB,1024,27,t4_t5_audit,16800
A_full,1KB,1024,27,t5_t6_return,300
A_full,1KB,1024,27,t0_t6_total,1565200
A_full,1KB,1024,28,t0_t1_validation,278600
A_full,1KB,1024,28,t1_t2_encode,3500
A_full,1KB,1024,28,t2_t3_write,1352000
A_full,1KB,1024,28,t3_t4_rename,0
A_full,1KB,1024,28,t4_t5_audit,16100
A_full,1KB,1024,28,t5_t6_return,300
A_full,1KB,1024,28,t0_t6_total,1650500
A_full,1KB,1024,29,t0_t1_validation,285600
A_full,1KB,1024,29,t1_t2_encode,4100
A_full,1KB,1024,29,t2_t3_write,1400200
A_full,1KB,1024,29,t3_t4_rename,0
A_full,1KB,1024,29,t4_t5_audit,17200
A_full,1KB,1024,29,t5_t6_return,300
A_full,1KB,1024,29,t0_t6_total,1707400
B_no_audit,1KB,1024,0,t0_t1_validation,322200
B_no_audit,1KB,1024,0,t1_t2_encode,8600
B_no_audit,1KB,1024,0,t2_t3_write,1614700
B_no_audit,1KB,1024,0,t3_t4_rename,0
B_no_audit,1KB,1024,0,t4_t5_audit,1300
B_no_audit,1KB,1024,0,t5_t6_return,400
B_no_audit,1KB,1024,0,t0_t6_total,1947200
B_no_audit,1KB,1024,1,t0_t1_validation,341600
B_no_audit,1KB,1024,1,t1_t2_encode,10600
B_no_audit,1KB,1024,1,t2_t3_write,1422900
B_no_audit,1KB,1024,1,t3_t4_rename,0
B_no_audit,1KB,1024,1,t4_t5_audit,800
B_no_audit,1KB,1024,1,t5_t6_return,400
B_no_audit,1KB,1024,1,t0_t6_total,1776300
B_no_audit,1KB,1024,2,t0_t1_validation,277800
B_no_audit,1KB,1024,2,t1_t2_encode,4400
B_no_audit,1KB,1024,2,t2_t3_write,1537800
B_no_audit,1KB,1024,2,t3_t4_rename,0
B_no_audit,1KB,1024,2,t4_t5_audit,1900
B_no_audit,1KB,1024,2,t5_t6_return,1100
B_no_audit,1KB,1024,2,t0_t6_total,1823000
B_no_audit,1KB,1024,3,t0_t1_validation,233200
B_no_audit,1KB,1024,3,t1_t2_encode,5700
B_no_audit,1KB,1024,3,t2_t3_write,1570800
B_no_audit,1KB,1024,3,t3_t4_rename,0
B_no_audit,1KB,1024,3,t4_t5_audit,1100
B_no_audit,1KB,1024,3,t5_t6_return,400
B_no_audit,1KB,1024,3,t0_t6_total,1811200
B_no_audit,1KB,1024,4,t0_t1_validation,332700
B_no_audit,1KB,1024,4,t1_t2_encode,5600
B_no_audit,1KB,1024,4,t2_t3_write,1317100
B_no_audit,1KB,1024,4,t3_t4_rename,0
B_no_audit,1KB,1024,4,t4_t5_audit,600
B_no_audit,1KB,1024,4,t5_t6_return,200
B_no_audit,1KB,1024,4,t0_t6_total,1656200
B_no_audit,1KB,1024,5,t0_t1_validation,257800
B_no_audit,1KB,1024,5,t1_t2_encode,5400
B_no_audit,1KB,1024,5,t2_t3_write,1259400
B_no_audit,1KB,1024,5,t3_t4_rename,0
B_no_audit,1KB,1024,5,t4_t5_audit,4800
B_no_audit,1KB,1024,5,t5_t6_return,6200
B_no_audit,1KB,1024,5,t0_t6_total,1533600
B_no_audit,1KB,1024,6,t0_t1_validation,307900
B_no_audit,1KB,1024,6,t1_t2_encode,5600
B_no_audit,1KB,1024,6,t2_t3_write,1288400
B_no_audit,1KB,1024,6,t3_t4_rename,0
B_no_audit,1KB,1024,6,t4_t5_audit,500
B_no_audit,1KB,1024,6,t5_t6_return,200
B_no_audit,1KB,1024,6,t0_t6_total,1602600
B_no_audit,1KB,1024,7,t0_t1_validation,264300
B_no_audit,1KB,1024,7,t1_t2_encode,6400
B_no_audit,1KB,1024,7,t2_t3_write,1659700
B_no_audit,1KB,1024,7,t3_t4_rename,0
B_no_audit,1KB,1024,7,t4_t5_audit,800
B_no_audit,1KB,1024,7,t5_t6_return,400
B_no_audit,1KB,1024,7,t0_t6_total,1931600
B_no_audit,1KB,1024,8,t0_t1_validation,299900
B_no_audit,1KB,1024,8,t1_t2_encode,4300
B_no_audit,1KB,1024,8,t2_t3_write,1468600
B_no_audit,1KB,1024,8,t3_t4_rename,0
B_no_audit,1KB,1024,8,t4_t5_audit,5800
B_no_audit,1KB,1024,8,t5_t6_return,5000
B_no_audit,1KB,1024,8,t0_t6_total,1783600
B_no_audit,1KB,1024,9,t0_t1_validation,272200
B_no_audit,1KB,1024,9,t1_t2_encode,4900
B_no_audit,1KB,1024,9,t2_t3_write,1461800
B_no_audit,1KB,1024,9,t3_t4_rename,0
B_no_audit,1KB,1024,9,t4_t5_audit,800
B_no_audit,1KB,1024,9,t5_t6_return,200
B_no_audit,1KB,1024,9,t0_t6_total,1739900
B_no_audit,1KB,1024,10,t0_t1_validation,341800
B_no_audit,1KB,1024,10,t1_t2_encode,8200
B_no_audit,1KB,1024,10,t2_t3_write,1498200
B_no_audit,1KB,1024,10,t3_t4_rename,0
B_no_audit,1KB,1024,10,t4_t5_audit,600
B_no_audit,1KB,1024,10,t5_t6_return,200
B_no_audit,1KB,1024,10,t0_t6_total,1849000
B_no_audit,1KB,1024,11,t0_t1_validation,361500
B_no_audit,1KB,1024,11,t1_t2_encode,5600
B_no_audit,1KB,1024,11,t2_t3_write,1233600
B_no_audit,1KB,1024,11,t3_t4_rename,0
B_no_audit,1KB,1024,11,t4_t5_audit,600
B_no_audit,1KB,1024,11,t5_t6_return,100
B_no_audit,1KB,1024,11,t0_t6_total,1601400
B_no_audit,1KB,1024,12,t0_t1_validation,215600
B_no_audit,1KB,1024,12,t1_t2_encode,4200
B_no_audit,1KB,1024,12,t2_t3_write,1333000
B_no_audit,1KB,1024,12,t3_t4_rename,0
B_no_audit,1KB,1024,12,t4_t5_audit,600
B_no_audit,1KB,1024,12,t5_t6_return,200
B_no_audit,1KB,1024,12,t0_t6_total,1553600
B_no_audit,1KB,1024,13,t0_t1_validation,247700
B_no_audit,1KB,1024,13,t1_t2_encode,3800
B_no_audit,1KB,1024,13,t2_t3_write,1136400
B_no_audit,1KB,1024,13,t3_t4_rename,0
B_no_audit,1KB,1024,13,t4_t5_audit,600
B_no_audit,1KB,1024,13,t5_t6_return,100
B_no_audit,1KB,1024,13,t0_t6_total,1388600
B_no_audit,1KB,1024,14,t0_t1_validation,207200
B_no_audit,1KB,1024,14,t1_t2_encode,3800
B_no_audit,1KB,1024,14,t2_t3_write,1525800
B_no_audit,1KB,1024,14,t3_t4_rename,0
B_no_audit,1KB,1024,14,t4_t5_audit,600
B_no_audit,1KB,1024,14,t5_t6_return,300
B_no_audit,1KB,1024,14,t0_t6_total,1737700
B_no_audit,1KB,1024,15,t0_t1_validation,299600
B_no_audit,1KB,1024,15,t1_t2_encode,3800
B_no_audit,1KB,1024,15,t2_t3_write,1323600
B_no_audit,1KB,1024,15,t3_t4_rename,0
B_no_audit,1KB,1024,15,t4_t5_audit,600
B_no_audit,1KB,1024,15,t5_t6_return,200
B_no_audit,1KB,1024,15,t0_t6_total,1627800
B_no_audit,1KB,1024,16,t0_t1_validation,263900
B_no_audit,1KB,1024,16,t1_t2_encode,4000
B_no_audit,1KB,1024,16,t2_t3_write,1467400
B_no_audit,1KB,1024,16,t3_t4_rename,0
B_no_audit,1KB,1024,16,t4_t5_audit,800
B_no_audit,1KB,1024,16,t5_t6_return,300
B_no_audit,1KB,1024,16,t0_t6_total,1736400
B_no_audit,1KB,1024,17,t0_t1_validation,269800
B_no_audit,1KB,1024,17,t1_t2_encode,6000
B_no_audit,1KB,1024,17,t2_t3_write,1273200
B_no_audit,1KB,1024,17,t3_t4_rename,0
B_no_audit,1KB,1024,17,t4_t5_audit,2100
B_no_audit,1KB,1024,17,t5_t6_return,900
B_no_audit,1KB,1024,17,t0_t6_total,1552000
B_no_audit,1KB,1024,18,t0_t1_validation,235300
B_no_audit,1KB,1024,18,t1_t2_encode,5500
B_no_audit,1KB,1024,18,t2_t3_write,1487300
B_no_audit,1KB,1024,18,t3_t4_rename,0
B_no_audit,1KB,1024,18,t4_t5_audit,700
B_no_audit,1KB,1024,18,t5_t6_return,200
B_no_audit,1KB,1024,18,t0_t6_total,1729000
B_no_audit,1KB,1024,19,t0_t1_validation,311700
B_no_audit,1KB,1024,19,t1_t2_encode,6600
B_no_audit,1KB,1024,19,t2_t3_write,1318400
B_no_audit,1KB,1024,19,t3_t4_rename,0
B_no_audit,1KB,1024,19,t4_t5_audit,600
B_no_audit,1KB,1024,19,t5_t6_return,100
B_no_audit,1KB,1024,19,t0_t6_total,1637400
B_no_audit,1KB,1024,20,t0_t1_validation,184700
B_no_audit,1KB,1024,20,t1_t2_encode,7700
B_no_audit,1KB,1024,20,t2_t3_write,1043000
B_no_audit,1KB,1024,20,t3_t4_rename,0
B_no_audit,1KB,1024,20,t4_t5_audit,500
B_no_audit,1KB,1024,20,t5_t6_return,200
B_no_audit,1KB,1024,20,t0_t6_total,1236100
B_no_audit,1KB,1024,21,t0_t1_validation,182400
B_no_audit,1KB,1024,21,t1_t2_encode,3100
B_no_audit,1KB,1024,21,t2_t3_write,1074200
B_no_audit,1KB,1024,21,t3_t4_rename,0
B_no_audit,1KB,1024,21,t4_t5_audit,600
B_no_audit,1KB,1024,21,t5_t6_return,200
B_no_audit,1KB,1024,21,t0_t6_total,1260500
B_no_audit,1KB,1024,22,t0_t1_validation,339300
B_no_audit,1KB,1024,22,t1_t2_encode,5500
B_no_audit,1KB,1024,22,t2_t3_write,1303600
B_no_audit,1KB,1024,22,t3_t4_rename,0
B_no_audit,1KB,1024,22,t4_t5_audit,500
B_no_audit,1KB,1024,22,t5_t6_return,200
B_no_audit,1KB,1024,22,t0_t6_total,1649100
B_no_audit,1KB,1024,23,t0_t1_validation,238600
B_no_audit,1KB,1024,23,t1_t2_encode,3600
B_no_audit,1KB,1024,23,t2_t3_write,1209500
B_no_audit,1KB,1024,23,t3_t4_rename,0
B_no_audit,1KB,1024,23,t4_t5_audit,500
B_no_audit,1KB,1024,23,t5_t6_return,200
B_no_audit,1KB,1024,23,t0_t6_total,1452400
B_no_audit,1KB,1024,24,t0_t1_validation,194300
B_no_audit,1KB,1024,24,t1_t2_encode,3500
B_no_audit,1KB,1024,24,t2_t3_write,1070800
B_no_audit,1KB,1024,24,t3_t4_rename,0
B_no_audit,1KB,1024,24,t4_t5_audit,600
B_no_audit,1KB,1024,24,t5_t6_return,100
B_no_audit,1KB,1024,24,t0_t6_total,1269300
B_no_audit,1KB,1024,25,t0_t1_validation,202200
B_no_audit,1KB,1024,25,t1_t2_encode,3800
B_no_audit,1KB,1024,25,t2_t3_write,1085800
B_no_audit,1KB,1024,25,t3_t4_rename,0
B_no_audit,1KB,1024,25,t4_t5_audit,500
B_no_audit,1KB,1024,25,t5_t6_return,200
B_no_audit,1KB,1024,25,t0_t6_total,1292500
B_no_audit,1KB,1024,26,t0_t1_validation,229500
B_no_audit,1KB,1024,26,t1_t2_encode,4800
B_no_audit,1KB,1024,26,t2_t3_write,2150100
B_no_audit,1KB,1024,26,t3_t4_rename,0
B_no_audit,1KB,1024,26,t4_t5_audit,1900
B_no_audit,1KB,1024,26,t5_t6_return,300
B_no_audit,1KB,1024,26,t0_t6_total,2386600
B_no_audit,1KB,1024,27,t0_t1_validation,576500
B_no_audit,1KB,1024,27,t1_t2_encode,23600
B_no_audit,1KB,1024,27,t2_t3_write,1748000
B_no_audit,1KB,1024,27,t3_t4_rename,0
B_no_audit,1KB,1024,27,t4_t5_audit,1000
B_no_audit,1KB,1024,27,t5_t6_return,300
B_no_audit,1KB,1024,27,t0_t6_total,2349400
B_no_audit,1KB,1024,28,t0_t1_validation,346200
B_no_audit,1KB,1024,28,t1_t2_encode,6400
B_no_audit,1KB,1024,28,t2_t3_write,2075200
B_no_audit,1KB,1024,28,t3_t4_rename,0
B_no_audit,1KB,1024,28,t4_t5_audit,1000
B_no_audit,1KB,1024,28,t5_t6_return,400
B_no_audit,1KB,1024,28,t0_t6_total,2429200
B_no_audit,1KB,1024,29,t0_t1_validation,345800
B_no_audit,1KB,1024,29,t1_t2_encode,6500
B_no_audit,1KB,1024,29,t2_t3_write,1714600
B_no_audit,1KB,1024,29,t3_t4_rename,0
B_no_audit,1KB,1024,29,t4_t5_audit,800
B_no_audit,1KB,1024,29,t5_t6_return,300
B_no_audit,1KB,1024,29,t0_t6_total,2068000
C_raw,1KB,1024,0,t0_t1_validation,325800
C_raw,1KB,1024,0,t1_t2_encode,6000
C_raw,1KB,1024,0,t2_t3_write,657300
C_raw,1KB,1024,0,t3_t4_rename,0
C_raw,1KB,1024,0,t4_t5_audit,0
C_raw,1KB,1024,0,t5_t6_return,0
C_raw,1KB,1024,0,t0_t6_total,989100
C_raw,1KB,1024,1,t0_t1_validation,346700
C_raw,1KB,1024,1,t1_t2_encode,3800
C_raw,1KB,1024,1,t2_t3_write,545100
C_raw,1KB,1024,1,t3_t4_rename,0
C_raw,1KB,1024,1,t4_t5_audit,0
C_raw,1KB,1024,1,t5_t6_return,0
C_raw,1KB,1024,1,t0_t6_total,895600
C_raw,1KB,1024,2,t0_t1_validation,382300
C_raw,1KB,1024,2,t1_t2_encode,3000
C_raw,1KB,1024,2,t2_t3_write,500700
C_raw,1KB,1024,2,t3_t4_rename,0
C_raw,1KB,1024,2,t4_t5_audit,0
C_raw,1KB,1024,2,t5_t6_return,0
C_raw,1KB,1024,2,t0_t6_total,886000
C_raw,1KB,1024,3,t0_t1_validation,328700
C_raw,1KB,1024,3,t1_t2_encode,3300
C_raw,1KB,1024,3,t2_t3_write,564300
C_raw,1KB,1024,3,t3_t4_rename,0
C_raw,1KB,1024,3,t4_t5_audit,0
C_raw,1KB,1024,3,t5_t6_return,0
C_raw,1KB,1024,3,t0_t6_total,896300
C_raw,1KB,1024,4,t0_t1_validation,223600
C_raw,1KB,1024,4,t1_t2_encode,2900
C_raw,1KB,1024,4,t2_t3_write,368300
C_raw,1KB,1024,4,t3_t4_rename,0
C_raw,1KB,1024,4,t4_t5_audit,0
C_raw,1KB,1024,4,t5_t6_return,0
C_raw,1KB,1024,4,t0_t6_total,594800
C_raw,1KB,1024,5,t0_t1_validation,223200
C_raw,1KB,1024,5,t1_t2_encode,8400
C_raw,1KB,1024,5,t2_t3_write,338200
C_raw,1KB,1024,5,t3_t4_rename,0
C_raw,1KB,1024,5,t4_t5_audit,0
C_raw,1KB,1024,5,t5_t6_return,0
C_raw,1KB,1024,5,t0_t6_total,569800
C_raw,1KB,1024,6,t0_t1_validation,198500
C_raw,1KB,1024,6,t1_t2_encode,2500
C_raw,1KB,1024,6,t2_t3_write,329900
C_raw,1KB,1024,6,t3_t4_rename,0
C_raw,1KB,1024,6,t4_t5_audit,0
C_raw,1KB,1024,6,t5_t6_return,0
C_raw,1KB,1024,6,t0_t6_total,530900
C_raw,1KB,1024,7,t0_t1_validation,211800
C_raw,1KB,1024,7,t1_t2_encode,2500
C_raw,1KB,1024,7,t2_t3_write,438200
C_raw,1KB,1024,7,t3_t4_rename,0
C_raw,1KB,1024,7,t4_t5_audit,0
C_raw,1KB,1024,7,t5_t6_return,0
C_raw,1KB,1024,7,t0_t6_total,652500
C_raw,1KB,1024,8,t0_t1_validation,222700
C_raw,1KB,1024,8,t1_t2_encode,2900
C_raw,1KB,1024,8,t2_t3_write,341700
C_raw,1KB,1024,8,t3_t4_rename,0
C_raw,1KB,1024,8,t4_t5_audit,0
C_raw,1KB,1024,8,t5_t6_return,0
C_raw,1KB,1024,8,t0_t6_total,567300
C_raw,1KB,1024,9,t0_t1_validation,217300
C_raw,1KB,1024,9,t1_t2_encode,2800
C_raw,1KB,1024,9,t2_t3_write,326200
C_raw,1KB,1024,9,t3_t4_rename,0
C_raw,1KB,1024,9,t4_t5_audit,0
C_raw,1KB,1024,9,t5_t6_return,0
C_raw,1KB,1024,9,t0_t6_total,546300
C_raw,1KB,1024,10,t0_t1_validation,340900
C_raw,1KB,1024,10,t1_t2_encode,5600
C_raw,1KB,1024,10,t2_t3_write,677600
C_raw,1KB,1024,10,t3_t4_rename,0
C_raw,1KB,1024,10,t4_t5_audit,0
C_raw,1KB,1024,10,t5_t6_return,0
C_raw,1KB,1024,10,t0_t6_total,1024100
C_raw,1KB,1024,11,t0_t1_validation,479100
C_raw,1KB,1024,11,t1_t2_encode,16600
C_raw,1KB,1024,11,t2_t3_write,738200
C_raw,1KB,1024,11,t3_t4_rename,0
C_raw,1KB,1024,11,t4_t5_audit,0
C_raw,1KB,1024,11,t5_t6_return,0
C_raw,1KB,1024,11,t0_t6_total,1233900
C_raw,1KB,1024,12,t0_t1_validation,323400
C_raw,1KB,1024,12,t1_t2_encode,4000
C_raw,1KB,1024,12,t2_t3_write,506100
C_raw,1KB,1024,12,t3_t4_rename,0
C_raw,1KB,1024,12,t4_t5_audit,0
C_raw,1KB,1024,12,t5_t6_return,0
C_raw,1KB,1024,12,t0_t6_total,833500
C_raw,1KB,1024,13,t0_t1_validation,315900
C_raw,1KB,1024,13,t1_t2_encode,5200
C_raw,1KB,1024,13,t2_t3_write,404400
C_raw,1KB,1024,13,t3_t4_rename,0
C_raw,1KB,1024,13,t4_t5_audit,0
C_raw,1KB,1024,13,t5_t6_return,0
C_raw,1KB,1024,13,t0_t6_total,725500
C_raw,1KB,1024,14,t0_t1_validation,403800
C_raw,1KB,1024,14,t1_t2_encode,4500
C_raw,1KB,1024,14,t2_t3_write,642100
C_raw,1KB,1024,14,t3_t4_rename,0
C_raw,1KB,1024,14,t4_t5_audit,0
C_raw,1KB,1024,14,t5_t6_return,0
C_raw,1KB,1024,14,t0_t6_total,1050400
C_raw,1KB,1024,15,t0_t1_validation,407000
C_raw,1KB,1024,15,t1_t2_encode,8400
C_raw,1KB,1024,15,t2_t3_write,995300
C_raw,1KB,1024,15,t3_t4_rename,0
C_raw,1KB,1024,15,t4_t5_audit,0
C_raw,1KB,1024,15,t5_t6_return,0
C_raw,1KB,1024,15,t0_t6_total,1410700
C_raw,1KB,1024,16,t0_t1_validation,423800
C_raw,1KB,1024,16,t1_t2_encode,5300
C_raw,1KB,1024,16,t2_t3_write,661000
C_raw,1KB,1024,16,t3_t4_rename,0
C_raw,1KB,1024,16,t4_t5_audit,0
C_raw,1KB,1024,16,t5_t6_return,0
C_raw,1KB,1024,16,t0_t6_total,1090100
C_raw,1KB,1024,17,t0_t1_validation,487200
C_raw,1KB,1024,17,t1_t2_encode,49700
C_raw,1KB,1024,17,t2_t3_write,503700
C_raw,1KB,1024,17,t3_t4_rename,0
C_raw,1KB,1024,17,t4_t5_audit,0
C_raw,1KB,1024,17,t5_t6_return,0
C_raw,1KB,1024,17,t0_t6_total,1040600
C_raw,1KB,1024,18,t0_t1_validation,351000
C_raw,1KB,1024,18,t1_t2_encode,3700
C_raw,1KB,1024,18,t2_t3_write,537500
C_raw,1KB,1024,18,t3_t4_rename,0
C_raw,1KB,1024,18,t4_t5_audit,0
C_raw,1KB,1024,18,t5_t6_return,0
C_raw,1KB,1024,18,t0_t6_total,892200
C_raw,1KB,1024,19,t0_t1_validation,422800
C_raw,1KB,1024,19,t1_t2_encode,4500
C_raw,1KB,1024,19,t2_t3_write,865400
C_raw,1KB,1024,19,t3_t4_rename,0
C_raw,1KB,1024,19,t4_t5_audit,0
C_raw,1KB,1024,19,t5_t6_return,0
C_raw,1KB,1024,19,t0_t6_total,1292700
C_raw,1KB,1024,20,t0_t1_validation,354100
C_raw,1KB,1024,20,t1_t2_encode,3800
C_raw,1KB,1024,20,t2_t3_write,501300
C_raw,1KB,1024,20,t3_t4_rename,0
C_raw,1KB,1024,20,t4_t5_audit,0
C_raw,1KB,1024,20,t5_t6_return,0
C_raw,1KB,1024,20,t0_t6_total,859200
C_raw,1KB,1024,21,t0_t1_validation,397600
C_raw,1KB,1024,21,t1_t2_encode,4300
C_raw,1KB,1024,21,t2_t3_write,516800
C_raw,1KB,1024,21,t3_t4_rename,0
C_raw,1KB,1024,21,t4_t5_audit,0
C_raw,1KB,1024,21,t5_t6_return,0
C_raw,1KB,1024,21,t0_t6_total,918700
C_raw,1KB,1024,22,t0_t1_validation,363200
C_raw,1KB,1024,22,t1_t2_encode,4700
C_raw,1KB,1024,22,t2_t3_write,542800
C_raw,1KB,1024,22,t3_t4_rename,0
C_raw,1KB,1024,22,t4_t5_audit,0
C_raw,1KB,1024,22,t5_t6_return,0
C_raw,1KB,1024,22,t0_t6_total,910700
C_raw,1KB,1024,23,t0_t1_validation,424400
C_raw,1KB,1024,23,t1_t2_encode,18400
C_raw,1KB,1024,23,t2_t3_write,769200
C_raw,1KB,1024,23,t3_t4_rename,0
C_raw,1KB,1024,23,t4_t5_audit,0
C_raw,1KB,1024,23,t5_t6_return,0
C_raw,1KB,1024,23,t0_t6_total,1212000
C_raw,1KB,1024,24,t0_t1_validation,406000
C_raw,1KB,1024,24,t1_t2_encode,5200
C_raw,1KB,1024,24,t2_t3_write,604800
C_raw,1KB,1024,24,t3_t4_rename,0
C_raw,1KB,1024,24,t4_t5_audit,0
C_raw,1KB,1024,24,t5_t6_return,0
C_raw,1KB,1024,24,t0_t6_total,1016000
C_raw,1KB,1024,25,t0_t1_validation,1089800
C_raw,1KB,1024,25,t1_t2_encode,8400
C_raw,1KB,1024,25,t2_t3_write,699700
C_raw,1KB,1024,25,t3_t4_rename,0
C_raw,1KB,1024,25,t4_t5_audit,0
C_raw,1KB,1024,25,t5_t6_return,0
C_raw,1KB,1024,25,t0_t6_total,1797900
C_raw,1KB,1024,26,t0_t1_validation,522400
C_raw,1KB,1024,26,t1_t2_encode,5300
C_raw,1KB,1024,26,t2_t3_write,640100
C_raw,1KB,1024,26,t3_t4_rename,0
C_raw,1KB,1024,26,t4_t5_audit,0
C_raw,1KB,1024,26,t5_t6_return,0
C_raw,1KB,1024,26,t0_t6_total,1167800
C_raw,1KB,1024,27,t0_t1_validation,397100
C_raw,1KB,1024,27,t1_t2_encode,5300
C_raw,1KB,1024,27,t2_t3_write,751600
C_raw,1KB,1024,27,t3_t4_rename,0
C_raw,1KB,1024,27,t4_t5_audit,0
C_raw,1KB,1024,27,t5_t6_return,0
C_raw,1KB,1024,27,t0_t6_total,1154000
C_raw,1KB,1024,28,t0_t1_validation,354100
C_raw,1KB,1024,28,t1_t2_encode,6500
C_raw,1KB,1024,28,t2_t3_write,544500
C_raw,1KB,1024,28,t3_t4_rename,0
C_raw,1KB,1024,28,t4_t5_audit,0
C_raw,1KB,1024,28,t5_t6_return,0
C_raw,1KB,1024,28,t0_t6_total,905100
C_raw,1KB,1024,29,t0_t1_validation,411500
C_raw,1KB,1024,29,t1_t2_encode,12900
C_raw,1KB,1024,29,t2_t3_write,670900
C_raw,1KB,1024,29,t3_t4_rename,0
C_raw,1KB,1024,29,t4_t5_audit,0
C_raw,1KB,1024,29,t5_t6_return,0
C_raw,1KB,1024,29,t0_t6_total,1095300
A_full,10KB,10240,0,t0_t1_validation,483000
A_full,10KB,10240,0,t1_t2_encode,25900
A_full,10KB,10240,0,t2_t3_write,1929400
A_full,10KB,10240,0,t3_t4_rename,0
A_full,10KB,10240,0,t4_t5_audit,37800
A_full,10KB,10240,0,t5_t6_return,300
A_full,10KB,10240,0,t0_t6_total,2476400
A_full,10KB,10240,1,t0_t1_validation,534000
A_full,10KB,10240,1,t1_t2_encode,42600
A_full,10KB,10240,1,t2_t3_write,1895500
A_full,10KB,10240,1,t3_t4_rename,0
A_full,10KB,10240,1,t4_t5_audit,30100
A_full,10KB,10240,1,t5_t6_return,200
A_full,10KB,10240,1,t0_t6_total,2502400
A_full,10KB,10240,2,t0_t1_validation,441200
A_full,10KB,10240,2,t1_t2_encode,21900
A_full,10KB,10240,2,t2_t3_write,1590900
A_full,10KB,10240,2,t3_t4_rename,0
A_full,10KB,10240,2,t4_t5_audit,22200
A_full,10KB,10240,2,t5_t6_return,400
A_full,10KB,10240,2,t0_t6_total,2076600
A_full,10KB,10240,3,t0_t1_validation,355400
A_full,10KB,10240,3,t1_t2_encode,34500
A_full,10KB,10240,3,t2_t3_write,1969600
A_full,10KB,10240,3,t3_t4_rename,0
A_full,10KB,10240,3,t4_t5_audit,26200
A_full,10KB,10240,3,t5_t6_return,200
A_full,10KB,10240,3,t0_t6_total,2385900
A_full,10KB,10240,4,t0_t1_validation,395800
A_full,10KB,10240,4,t1_t2_encode,47000
A_full,10KB,10240,4,t2_t3_write,1970500
A_full,10KB,10240,4,t3_t4_rename,0
A_full,10KB,10240,4,t4_t5_audit,19900
A_full,10KB,10240,4,t5_t6_return,200
A_full,10KB,10240,4,t0_t6_total,2433400
A_full,10KB,10240,5,t0_t1_validation,365700
A_full,10KB,10240,5,t1_t2_encode,20700
A_full,10KB,10240,5,t2_t3_write,2252200
A_full,10KB,10240,5,t3_t4_rename,0
A_full,10KB,10240,5,t4_t5_audit,24300
A_full,10KB,10240,5,t5_t6_return,100
A_full,10KB,10240,5,t0_t6_total,2663000
A_full,10KB,10240,6,t0_t1_validation,422100
A_full,10KB,10240,6,t1_t2_encode,25800
A_full,10KB,10240,6,t2_t3_write,1696700
A_full,10KB,10240,6,t3_t4_rename,0
A_full,10KB,10240,6,t4_t5_audit,15800
A_full,10KB,10240,6,t5_t6_return,200
A_full,10KB,10240,6,t0_t6_total,2160600
A_full,10KB,10240,7,t0_t1_validation,346700
A_full,10KB,10240,7,t1_t2_encode,33200
A_full,10KB,10240,7,t2_t3_write,2534200
A_full,10KB,10240,7,t3_t4_rename,0
A_full,10KB,10240,7,t4_t5_audit,36600
A_full,10KB,10240,7,t5_t6_return,200
A_full,10KB,10240,7,t0_t6_total,2950900
A_full,10KB,10240,8,t0_t1_validation,477000
A_full,10KB,10240,8,t1_t2_encode,25300
A_full,10KB,10240,8,t2_t3_write,2012400
A_full,10KB,10240,8,t3_t4_rename,0
A_full,10KB,10240,8,t4_t5_audit,32600
A_full,10KB,10240,8,t5_t6_return,300
A_full,10KB,10240,8,t0_t6_total,2547600
A_full,10KB,10240,9,t0_t1_validation,832000
A_full,10KB,10240,9,t1_t2_encode,22800
A_full,10KB,10240,9,t2_t3_write,2130300
A_full,10KB,10240,9,t3_t4_rename,0
A_full,10KB,10240,9,t4_t5_audit,37200
A_full,10KB,10240,9,t5_t6_return,200
A_full,10KB,10240,9,t0_t6_total,3022500
A_full,10KB,10240,10,t0_t1_validation,473800
A_full,10KB,10240,10,t1_t2_encode,26600
A_full,10KB,10240,10,t2_t3_write,1852000
A_full,10KB,10240,10,t3_t4_rename,0
A_full,10KB,10240,10,t4_t5_audit,36100
A_full,10KB,10240,10,t5_t6_return,300
A_full,10KB,10240,10,t0_t6_total,2388800
A_full,10KB,10240,11,t0_t1_validation,350200
A_full,10KB,10240,11,t1_t2_encode,24100
A_full,10KB,10240,11,t2_t3_write,2244800
A_full,10KB,10240,11,t3_t4_rename,0
A_full,10KB,10240,11,t4_t5_audit,37200
A_full,10KB,10240,11,t5_t6_return,200
A_full,10KB,10240,11,t0_t6_total,2656500
A_full,10KB,10240,12,t0_t1_validation,486500
A_full,10KB,10240,12,t1_t2_encode,32900
A_full,10KB,10240,12,t2_t3_write,2259900
A_full,10KB,10240,12,t3_t4_rename,0
A_full,10KB,10240,12,t4_t5_audit,23900
A_full,10KB,10240,12,t5_t6_return,200
A_full,10KB,10240,12,t0_t6_total,2803400
A_full,10KB,10240,13,t0_t1_validation,453600
A_full,10KB,10240,13,t1_t2_encode,36000
A_full,10KB,10240,13,t2_t3_write,1819600
A_full,10KB,10240,13,t3_t4_rename,0
A_full,10KB,10240,13,t4_t5_audit,30800
A_full,10KB,10240,13,t5_t6_return,200
A_full,10KB,10240,13,t0_t6_total,2340200
A_full,10KB,10240,14,t0_t1_validation,365300
A_full,10KB,10240,14,t1_t2_encode,26700
A_full,10KB,10240,14,t2_t3_write,1741500
A_full,10KB,10240,14,t3_t4_rename,0
A_full,10KB,10240,14,t4_t5_audit,26900
A_full,10KB,10240,14,t5_t6_return,300
A_full,10KB,10240,14,t0_t6_total,2160700
A_full,10KB,10240,15,t0_t1_validation,402000
A_full,10KB,10240,15,t1_t2_encode,24600
A_full,10KB,10240,15,t2_t3_write,1987100
A_full,10KB,10240,15,t3_t4_rename,0
A_full,10KB,10240,15,t4_t5_audit,27800
A_full,10KB,10240,15,t5_t6_return,300
A_full,10KB,10240,15,t0_t6_total,2441800
A_full,10KB,10240,16,t0_t1_validation,408400
A_full,10KB,10240,16,t1_t2_encode,18700
A_full,10KB,10240,16,t2_t3_write,2251400
A_full,10KB,10240,16,t3_t4_rename,0
A_full,10KB,10240,16,t4_t5_audit,27300
A_full,10KB,10240,16,t5_t6_return,300
A_full,10KB,10240,16,t0_t6_total,2706100
A_full,10KB,10240,17,t0_t1_validation,419000
A_full,10KB,10240,17,t1_t2_encode,26000
A_full,10KB,10240,17,t2_t3_write,1970800
A_full,10KB,10240,17,t3_t4_rename,0
A_full,10KB,10240,17,t4_t5_audit,32600
A_full,10KB,10240,17,t5_t6_return,300
A_full,10KB,10240,17,t0_t6_total,2448700
A_full,10KB,10240,18,t0_t1_validation,480100
A_full,10KB,10240,18,t1_t2_encode,21000
A_full,10KB,10240,18,t2_t3_write,1920500
A_full,10KB,10240,18,t3_t4_rename,0
A_full,10KB,10240,18,t4_t5_audit,35800
A_full,10KB,10240,18,t5_t6_return,200
A_full,10KB,10240,18,t0_t6_total,2457600
A_full,10KB,10240,19,t0_t1_validation,481700
A_full,10KB,10240,19,t1_t2_encode,30300
A_full,10KB,10240,19,t2_t3_write,2155700
A_full,10KB,10240,19,t3_t4_rename,0
A_full,10KB,10240,19,t4_t5_audit,38300
A_full,10KB,10240,19,t5_t6_return,200
A_full,10KB,10240,19,t0_t6_total,2706200
A_full,10KB,10240,20,t0_t1_validation,498000
A_full,10KB,10240,20,t1_t2_encode,29200
A_full,10KB,10240,20,t2_t3_write,1893300
A_full,10KB,10240,20,t3_t4_rename,0
A_full,10KB,10240,20,t4_t5_audit,42600
A_full,10KB,10240,20,t5_t6_return,200
A_full,10KB,10240,20,t0_t6_total,2463300
A_full,10KB,10240,21,t0_t1_validation,443400
A_full,10KB,10240,21,t1_t2_encode,23400
A_full,10KB,10240,21,t2_t3_write,1980800
A_full,10KB,10240,21,t3_t4_rename,0
A_full,10KB,10240,21,t4_t5_audit,26100
A_full,10KB,10240,21,t5_t6_return,200
A_full,10KB,10240,21,t0_t6_total,2473900
A_full,10KB,10240,22,t0_t1_validation,430500
A_full,10KB,10240,22,t1_t2_encode,35600
A_full,10KB,10240,22,t2_t3_write,2146700
A_full,10KB,10240,22,t3_t4_rename,0
A_full,10KB,10240,22,t4_t5_audit,25800
A_full,10KB,10240,22,t5_t6_return,200
A_full,10KB,10240,22,t0_t6_total,2638800
A_full,10KB,10240,23,t0_t1_validation,431500
A_full,10KB,10240,23,t1_t2_encode,18500
A_full,10KB,10240,23,t2_t3_write,1977500
A_full,10KB,10240,23,t3_t4_rename,0
A_full,10KB,10240,23,t4_t5_audit,24800
A_full,10KB,10240,23,t5_t6_return,300
A_full,10KB,10240,23,t0_t6_total,2452600
A_full,10KB,10240,24,t0_t1_validation,449500
A_full,10KB,10240,24,t1_t2_encode,31100
A_full,10KB,10240,24,t2_t3_write,3444800
A_full,10KB,10240,24,t3_t4_rename,0
A_full,10KB,10240,24,t4_t5_audit,47800
A_full,10KB,10240,24,t5_t6_return,300
A_full,10KB,10240,24,t0_t6_total,3973500
A_full,10KB,10240,25,t0_t1_validation,398400
A_full,10KB,10240,25,t1_t2_encode,37000
A_full,10KB,10240,25,t2_t3_write,1587600
A_full,10KB,10240,25,t3_t4_rename,0
A_full,10KB,10240,25,t4_t5_audit,23400
A_full,10KB,10240,25,t5_t6_return,300
A_full,10KB,10240,25,t0_t6_total,2046700
A_full,10KB,10240,26,t0_t1_validation,406100
A_full,10KB,10240,26,t1_t2_encode,51500
A_full,10KB,10240,26,t2_t3_write,2004500
A_full,10KB,10240,26,t3_t4_rename,0
A_full,10KB,10240,26,t4_t5_audit,29800
A_full,10KB,10240,26,t5_t6_return,200
A_full,10KB,10240,26,t0_t6_total,2492100
A_full,10KB,10240,27,t0_t1_validation,586900
A_full,10KB,10240,27,t1_t2_encode,26300
A_full,10KB,10240,27,t2_t3_write,2487700
A_full,10KB,10240,27,t3_t4_rename,0
A_full,10KB,10240,27,t4_t5_audit,59900
A_full,10KB,10240,27,t5_t6_return,300
A_full,10KB,10240,27,t0_t6_total,3161100
A_full,10KB,10240,28,t0_t1_validation,1096700
A_full,10KB,10240,28,t1_t2_encode,51200
A_full,10KB,10240,28,t2_t3_write,2508200
A_full,10KB,10240,28,t3_t4_rename,0
A_full,10KB,10240,28,t4_t5_audit,41400
A_full,10KB,10240,28,t5_t6_return,400
A_full,10KB,10240,28,t0_t6_total,3697900
A_full,10KB,10240,29,t0_t1_validation,511100
A_full,10KB,10240,29,t1_t2_encode,26400
A_full,10KB,10240,29,t2_t3_write,2011200
A_full,10KB,10240,29,t3_t4_rename,0
A_full,10KB,10240,29,t4_t5_audit,31400
A_full,10KB,10240,29,t5_t6_return,100
A_full,10KB,10240,29,t0_t6_total,2580200
B_no_audit,10KB,10240,0,t0_t1_validation,586200
B_no_audit,10KB,10240,0,t1_t2_encode,87000
B_no_audit,10KB,10240,0,t2_t3_write,2760400
B_no_audit,10KB,10240,0,t3_t4_rename,0
B_no_audit,10KB,10240,0,t4_t5_audit,600
B_no_audit,10KB,10240,0,t5_t6_return,200
B_no_audit,10KB,10240,0,t0_t6_total,3434400
B_no_audit,10KB,10240,1,t0_t1_validation,435200
B_no_audit,10KB,10240,1,t1_t2_encode,26200
B_no_audit,10KB,10240,1,t2_t3_write,1990000
B_no_audit,10KB,10240,1,t3_t4_rename,0
B_no_audit,10KB,10240,1,t4_t5_audit,600
B_no_audit,10KB,10240,1,t5_t6_return,200
B_no_audit,10KB,10240,1,t0_t6_total,2452200
B_no_audit,10KB,10240,2,t0_t1_validation,505400
B_no_audit,10KB,10240,2,t1_t2_encode,30800
B_no_audit,10KB,10240,2,t2_t3_write,1967400
B_no_audit,10KB,10240,2,t3_t4_rename,0
B_no_audit,10KB,10240,2,t4_t5_audit,600
B_no_audit,10KB,10240,2,t5_t6_return,200
B_no_audit,10KB,10240,2,t0_t6_total,2504400
B_no_audit,10KB,10240,3,t0_t1_validation,428100
B_no_audit,10KB,10240,3,t1_t2_encode,26500
B_no_audit,10KB,10240,3,t2_t3_write,2840300
B_no_audit,10KB,10240,3,t3_t4_rename,0
B_no_audit,10KB,10240,3,t4_t5_audit,800
B_no_audit,10KB,10240,3,t5_t6_return,200
B_no_audit,10KB,10240,3,t0_t6_total,3295900
B_no_audit,10KB,10240,4,t0_t1_validation,460600
B_no_audit,10KB,10240,4,t1_t2_encode,23000
B_no_audit,10KB,10240,4,t2_t3_write,2450300
B_no_audit,10KB,10240,4,t3_t4_rename,0
B_no_audit,10KB,10240,4,t4_t5_audit,900
B_no_audit,10KB,10240,4,t5_t6_return,100
B_no_audit,10KB,10240,4,t0_t6_total,2934900
B_no_audit,10KB,10240,5,t0_t1_validation,868700
B_no_audit,10KB,10240,5,t1_t2_encode,28600
B_no_audit,10KB,10240,5,t2_t3_write,2158300
B_no_audit,10KB,10240,5,t3_t4_rename,0
B_no_audit,10KB,10240,5,t4_t5_audit,500
B_no_audit,10KB,10240,5,t5_t6_return,200
B_no_audit,10KB,10240,5,t0_t6_total,3056300
B_no_audit,10KB,10240,6,t0_t1_validation,444900
B_no_audit,10KB,10240,6,t1_t2_encode,23800
B_no_audit,10KB,10240,6,t2_t3_write,2265000
B_no_audit,10KB,10240,6,t3_t4_rename,0
B_no_audit,10KB,10240,6,t4_t5_audit,500
B_no_audit,10KB,10240,6,t5_t6_return,200
B_no_audit,10KB,10240,6,t0_t6_total,2734400
B_no_audit,10KB,10240,7,t0_t1_validation,471600
B_no_audit,10KB,10240,7,t1_t2_encode,23200
B_no_audit,10KB,10240,7,t2_t3_write,1975000
B_no_audit,10KB,10240,7,t3_t4_rename,0
B_no_audit,10KB,10240,7,t4_t5_audit,400
B_no_audit,10KB,10240,7,t5_t6_return,300
B_no_audit,10KB,10240,7,t0_t6_total,2470500
B_no_audit,10KB,10240,8,t0_t1_validation,358600
B_no_audit,10KB,10240,8,t1_t2_encode,24300
B_no_audit,10KB,10240,8,t2_t3_write,2158200
B_no_audit,10KB,10240,8,t3_t4_rename,0
B_no_audit,10KB,10240,8,t4_t5_audit,500
B_no_audit,10KB,10240,8,t5_t6_return,200
B_no_audit,10KB,10240,8,t0_t6_total,2541800
B_no_audit,10KB,10240,9,t0_t1_validation,438700
B_no_audit,10KB,10240,9,t1_t2_encode,26500
B_no_audit,10KB,10240,9,t2_t3_write,2212700
B_no_audit,10KB,10240,9,t3_t4_rename,0
B_no_audit,10KB,10240,9,t4_t5_audit,600
B_no_audit,10KB,10240,9,t5_t6_return,100
B_no_audit,10KB,10240,9,t0_t6_total,2678600
B_no_audit,10KB,10240,10,t0_t1_validation,454000
B_no_audit,10KB,10240,10,t1_t2_encode,24500
B_no_audit,10KB,10240,10,t2_t3_write,1467200
B_no_audit,10KB,10240,10,t3_t4_rename,0
B_no_audit,10KB,10240,10,t4_t5_audit,500
B_no_audit,10KB,10240,10,t5_t6_return,200
B_no_audit,10KB,10240,10,t0_t6_total,1946400
B_no_audit,10KB,10240,11,t0_t1_validation,414200
B_no_audit,10KB,10240,11,t1_t2_encode,27800
B_no_audit,10KB,10240,11,t2_t3_write,1602100
B_no_audit,10KB,10240,11,t3_t4_rename,0
B_no_audit,10KB,10240,11,t4_t5_audit,500
B_no_audit,10KB,10240,11,t5_t6_return,200
B_no_audit,10KB,10240,11,t0_t6_total,2044800
B_no_audit,10KB,10240,12,t0_t1_validation,317900
B_no_audit,10KB,10240,12,t1_t2_encode,29900
B_no_audit,10KB,10240,12,t2_t3_write,1858000
B_no_audit,10KB,10240,12,t3_t4_rename,0
B_no_audit,10KB,10240,12,t4_t5_audit,700
B_no_audit,10KB,10240,12,t5_t6_return,200
B_no_audit,10KB,10240,12,t0_t6_total,2206700
B_no_audit,10KB,10240,13,t0_t1_validation,450000
B_no_audit,10KB,10240,13,t1_t2_encode,23700
B_no_audit,10KB,10240,13,t2_t3_write,1904400
B_no_audit,10KB,10240,13,t3_t4_rename,0
B_no_audit,10KB,10240,13,t4_t5_audit,300
B_no_audit,10KB,10240,13,t5_t6_return,600
B_no_audit,10KB,10240,13,t0_t6_total,2379000
B_no_audit,10KB,10240,14,t0_t1_validation,319700
B_no_audit,10KB,10240,14,t1_t2_encode,34700
B_no_audit,10KB,10240,14,t2_t3_write,1692400
B_no_audit,10KB,10240,14,t3_t4_rename,0
B_no_audit,10KB,10240,14,t4_t5_audit,400
B_no_audit,10KB,10240,14,t5_t6_return,200
B_no_audit,10KB,10240,14,t0_t6_total,2047400
B_no_audit,10KB,10240,15,t0_t1_validation,419400
B_no_audit,10KB,10240,15,t1_t2_encode,31200
B_no_audit,10KB,10240,15,t2_t3_write,1511800
B_no_audit,10KB,10240,15,t3_t4_rename,0
B_no_audit,10KB,10240,15,t4_t5_audit,700
B_no_audit,10KB,10240,15,t5_t6_return,200
B_no_audit,10KB,10240,15,t0_t6_total,1963300
B_no_audit,10KB,10240,16,t0_t1_validation,305600
B_no_audit,10KB,10240,16,t1_t2_encode,16400
B_no_audit,10KB,10240,16,t2_t3_write,2062100
B_no_audit,10KB,10240,16,t3_t4_rename,0
B_no_audit,10KB,10240,16,t4_t5_audit,600
B_no_audit,10KB,10240,16,t5_t6_return,200
B_no_audit,10KB,10240,16,t0_t6_total,2384900
B_no_audit,10KB,10240,17,t0_t1_validation,380000
B_no_audit,10KB,10240,17,t1_t2_encode,17300
B_no_audit,10KB,10240,17,t2_t3_write,2708500
B_no_audit,10KB,10240,17,t3_t4_rename,0
B_no_audit,10KB,10240,17,t4_t5_audit,600
B_no_audit,10KB,10240,17,t5_t6_return,100
B_no_audit,10KB,10240,17,t0_t6_total,3106500
B_no_audit,10KB,10240,18,t0_t1_validation,499400
B_no_audit,10KB,10240,18,t1_t2_encode,29800
B_no_audit,10KB,10240,18,t2_t3_write,1979700
B_no_audit,10KB,10240,18,t3_t4_rename,0
B_no_audit,10KB,10240,18,t4_t5_audit,700
B_no_audit,10KB,10240,18,t5_t6_return,400
B_no_audit,10KB,10240,18,t0_t6_total,2510000
B_no_audit,10KB,10240,19,t0_t1_validation,534400
B_no_audit,10KB,10240,19,t1_t2_encode,18100
B_no_audit,10KB,10240,19,t2_t3_write,1978500
B_no_audit,10KB,10240,19,t3_t4_rename,0
B_no_audit,10KB,10240,19,t4_t5_audit,600
B_no_audit,10KB,10240,19,t5_t6_return,200
B_no_audit,10KB,10240,19,t0_t6_total,2531800
B_no_audit,10KB,10240,20,t0_t1_validation,497500
B_no_audit,10KB,10240,20,t1_t2_encode,23600
B_no_audit,10KB,10240,20,t2_t3_write,2157100
B_no_audit,10KB,10240,20,t3_t4_rename,0
B_no_audit,10KB,10240,20,t4_t5_audit,700
B_no_audit,10KB,10240,20,t5_t6_return,200
B_no_audit,10KB,10240,20,t0_t6_total,2679100
B_no_audit,10KB,10240,21,t0_t1_validation,408800
B_no_audit,10KB,10240,21,t1_t2_encode,19800
B_no_audit,10KB,10240,21,t2_t3_write,2076100
B_no_audit,10KB,10240,21,t3_t4_rename,0
B_no_audit,10KB,10240,21,t4_t5_audit,600
B_no_audit,10KB,10240,21,t5_t6_return,200
B_no_audit,10KB,10240,21,t0_t6_total,2505500
B_no_audit,10KB,10240,22,t0_t1_validation,426600
B_no_audit,10KB,10240,22,t1_t2_encode,26200
B_no_audit,10KB,10240,22,t2_t3_write,2102900
B_no_audit,10KB,10240,22,t3_t4_rename,0
B_no_audit,10KB,10240,22,t4_t5_audit,600
B_no_audit,10KB,10240,22,t5_t6_return,300
B_no_audit,10KB,10240,22,t0_t6_total,2556600
B_no_audit,10KB,10240,23,t0_t1_validation,443400
B_no_audit,10KB,10240,23,t1_t2_encode,25700
B_no_audit,10KB,10240,23,t2_t3_write,1871200
B_no_audit,10KB,10240,23,t3_t4_rename,0
B_no_audit,10KB,10240,23,t4_t5_audit,700
B_no_audit,10KB,10240,23,t5_t6_return,200
B_no_audit,10KB,10240,23,t0_t6_total,2341200
B_no_audit,10KB,10240,24,t0_t1_validation,405400
B_no_audit,10KB,10240,24,t1_t2_encode,24900
B_no_audit,10KB,10240,24,t2_t3_write,2062100
B_no_audit,10KB,10240,24,t3_t4_rename,0
B_no_audit,10KB,10240,24,t4_t5_audit,400
B_no_audit,10KB,10240,24,t5_t6_return,200
B_no_audit,10KB,10240,24,t0_t6_total,2493000
B_no_audit,10KB,10240,25,t0_t1_validation,454500
B_no_audit,10KB,10240,25,t1_t2_encode,25100
B_no_audit,10KB,10240,25,t2_t3_write,2104900
B_no_audit,10KB,10240,25,t3_t4_rename,0
B_no_audit,10KB,10240,25,t4_t5_audit,700
B_no_audit,10KB,10240,25,t5_t6_return,200
B_no_audit,10KB,10240,25,t0_t6_total,2585400
B_no_audit,10KB,10240,26,t0_t1_validation,467600
B_no_audit,10KB,10240,26,t1_t2_encode,20600
B_no_audit,10KB,10240,26,t2_t3_write,1826200
B_no_audit,10KB,10240,26,t3_t4_rename,0
B_no_audit,10KB,10240,26,t4_t5_audit,500
B_no_audit,10KB,10240,26,t5_t6_return,100
B_no_audit,10KB,10240,26,t0_t6_total,2315000
B_no_audit,10KB,10240,27,t0_t1_validation,474200
B_no_audit,10KB,10240,27,t1_t2_encode,20800
B_no_audit,10KB,10240,27,t2_t3_write,2213600
B_no_audit,10KB,10240,27,t3_t4_rename,0
B_no_audit,10KB,10240,27,t4_t5_audit,800
B_no_audit,10KB,10240,27,t5_t6_return,200
B_no_audit,10KB,10240,27,t0_t6_total,2709600
B_no_audit,10KB,10240,28,t0_t1_validation,420800
B_no_audit,10KB,10240,28,t1_t2_encode,32200
B_no_audit,10KB,10240,28,t2_t3_write,2461800
B_no_audit,10KB,10240,28,t3_t4_rename,0
B_no_audit,10KB,10240,28,t4_t5_audit,500
B_no_audit,10KB,10240,28,t5_t6_return,300
B_no_audit,10KB,10240,28,t0_t6_total,2915600
B_no_audit,10KB,10240,29,t0_t1_validation,496500
B_no_audit,10KB,10240,29,t1_t2_encode,24300
B_no_audit,10KB,10240,29,t2_t3_write,1964800
B_no_audit,10KB,10240,29,t3_t4_rename,0
B_no_audit,10KB,10240,29,t4_t5_audit,1800
B_no_audit,10KB,10240,29,t5_t6_return,200
B_no_audit,10KB,10240,29,t0_t6_total,2487600
C_raw,10KB,10240,0,t0_t1_validation,548100
C_raw,10KB,10240,0,t1_t2_encode,24900
C_raw,10KB,10240,0,t2_t3_write,623200
C_raw,10KB,10240,0,t3_t4_rename,0
C_raw,10KB,10240,0,t4_t5_audit,0
C_raw,10KB,10240,0,t5_t6_return,0
C_raw,10KB,10240,0,t0_t6_total,1196200
C_raw,10KB,10240,1,t0_t1_validation,312800
C_raw,10KB,10240,1,t1_t2_encode,16500
C_raw,10KB,10240,1,t2_t3_write,1007600
C_raw,10KB,10240,1,t3_t4_rename,0
C_raw,10KB,10240,1,t4_t5_audit,0
C_raw,10KB,10240,1,t5_t6_return,0
C_raw,10KB,10240,1,t0_t6_total,1336900
C_raw,10KB,10240,2,t0_t1_validation,453600
C_raw,10KB,10240,2,t1_t2_encode,19900
C_raw,10KB,10240,2,t2_t3_write,635700
C_raw,10KB,10240,2,t3_t4_rename,0
C_raw,10KB,10240,2,t4_t5_audit,0
C_raw,10KB,10240,2,t5_t6_return,0
C_raw,10KB,10240,2,t0_t6_total,1109200
C_raw,10KB,10240,3,t0_t1_validation,413300
C_raw,10KB,10240,3,t1_t2_encode,14100
C_raw,10KB,10240,3,t2_t3_write,691200
C_raw,10KB,10240,3,t3_t4_rename,0
C_raw,10KB,10240,3,t4_t5_audit,0
C_raw,10KB,10240,3,t5_t6_return,0
C_raw,10KB,10240,3,t0_t6_total,1118600
C_raw,10KB,10240,4,t0_t1_validation,670500
C_raw,10KB,10240,4,t1_t2_encode,94800
C_raw,10KB,10240,4,t2_t3_write,981400
C_raw,10KB,10240,4,t3_t4_rename,0
C_raw,10KB,10240,4,t4_t5_audit,0
C_raw,10KB,10240,4,t5_t6_return,0
C_raw,10KB,10240,4,t0_t6_total,1746700
C_raw,10KB,10240,5,t0_t1_validation,511700
C_raw,10KB,10240,5,t1_t2_encode,24000
C_raw,10KB,10240,5,t2_t3_write,945700
C_raw,10KB,10240,5,t3_t4_rename,0
C_raw,10KB,10240,5,t4_t5_audit,0
C_raw,10KB,10240,5,t5_t6_return,0
C_raw,10KB,10240,5,t0_t6_total,1481400
C_raw,10KB,10240,6,t0_t1_validation,464900
C_raw,10KB,10240,6,t1_t2_encode,24900
C_raw,10KB,10240,6,t2_t3_write,705700
C_raw,10KB,10240,6,t3_t4_rename,0
C_raw,10KB,10240,6,t4_t5_audit,0
C_raw,10KB,10240,6,t5_t6_return,0
C_raw,10KB,10240,6,t0_t6_total,1195500
C_raw,10KB,10240,7,t0_t1_validation,957800
C_raw,10KB,10240,7,t1_t2_encode,18500
C_raw,10KB,10240,7,t2_t3_write,563800
C_raw,10KB,10240,7,t3_t4_rename,0
C_raw,10KB,10240,7,t4_t5_audit,0
C_raw,10KB,10240,7,t5_t6_return,0
C_raw,10KB,10240,7,t0_t6_total,1540100
C_raw,10KB,10240,8,t0_t1_validation,382800
C_raw,10KB,10240,8,t1_t2_encode,22000
C_raw,10KB,10240,8,t2_t3_write,588500
C_raw,10KB,10240,8,t3_t4_rename,0
C_raw,10KB,10240,8,t4_t5_audit,0
C_raw,10KB,10240,8,t5_t6_return,0
C_raw,10KB,10240,8,t0_t6_total,993300
C_raw,10KB,10240,9,t0_t1_validation,397900
C_raw,10KB,10240,9,t1_t2_encode,25300
C_raw,10KB,10240,9,t2_t3_write,847500
C_raw,10KB,10240,9,t3_t4_rename,0
C_raw,10KB,10240,9,t4_t5_audit,0
C_raw,10KB,10240,9,t5_t6_return,0
C_raw,10KB,10240,9,t0_t6_total,1270700
C_raw,10KB,10240,10,t0_t1_validation,418400
C_raw,10KB,10240,10,t1_t2_encode,24700
C_raw,10KB,10240,10,t2_t3_write,626000
C_raw,10KB,10240,10,t3_t4_rename,0
C_raw,10KB,10240,10,t4_t5_audit,0
C_raw,10KB,10240,10,t5_t6_return,0
C_raw,10KB,10240,10,t0_t6_total,1069100
C_raw,10KB,10240,11,t0_t1_validation,450600
C_raw,10KB,10240,11,t1_t2_encode,16200
C_raw,10KB,10240,11,t2_t3_write,684200
C_raw,10KB,10240,11,t3_t4_rename,0
C_raw,10KB,10240,11,t4_t5_audit,0
C_raw,10KB,10240,11,t5_t6_return,0
C_raw,10KB,10240,11,t0_t6_total,1151000
C_raw,10KB,10240,12,t0_t1_validation,427500
C_raw,10KB,10240,12,t1_t2_encode,21900
C_raw,10KB,10240,12,t2_t3_write,878100
C_raw,10KB,10240,12,t3_t4_rename,0
C_raw,10KB,10240,12,t4_t5_audit,0
C_raw,10KB,10240,12,t5_t6_return,0
C_raw,10KB,10240,12,t0_t6_total,1327500
C_raw,10KB,10240,13,t0_t1_validation,487300
C_raw,10KB,10240,13,t1_t2_encode,24000
C_raw,10KB,10240,13,t2_t3_write,1136100
C_raw,10KB,10240,13,t3_t4_rename,0
C_raw,10KB,10240,13,t4_t5_audit,0
C_raw,10KB,10240,13,t5_t6_return,0
C_raw,10KB,10240,13,t0_t6_total,1647400
C_raw,10KB,10240,14,t0_t1_validation,570600
C_raw,10KB,10240,14,t1_t2_encode,19600
C_raw,10KB,10240,14,t2_t3_write,691900
C_raw,10KB,10240,14,t3_t4_rename,0
C_raw,10KB,10240,14,t4_t5_audit,0
C_raw,10KB,10240,14,t5_t6_return,0
C_raw,10KB,10240,14,t0_t6_total,1282100
C_raw,10KB,10240,15,t0_t1_validation,357300
C_raw,10KB,10240,15,t1_t2_encode,28500
C_raw,10KB,10240,15,t2_t3_write,724600
C_raw,10KB,10240,15,t3_t4_rename,0
C_raw,10KB,10240,15,t4_t5_audit,0
C_raw,10KB,10240,15,t5_t6_return,0
C_raw,10KB,10240,15,t0_t6_total,1110400
C_raw,10KB,10240,16,t0_t1_validation,520400
C_raw,10KB,10240,16,t1_t2_encode,26200
C_raw,10KB,10240,16,t2_t3_write,545400
C_raw,10KB,10240,16,t3_t4_rename,0
C_raw,10KB,10240,16,t4_t5_audit,0
C_raw,10KB,10240,16,t5_t6_return,0
C_raw,10KB,10240,16,t0_t6_total,1092000
C_raw,10KB,10240,17,t0_t1_validation,340100
C_raw,10KB,10240,17,t1_t2_encode,21500
C_raw,10KB,10240,17,t2_t3_write,561900
C_raw,10KB,10240,17,t3_t4_rename,0
C_raw,10KB,10240,17,t4_t5_audit,0
C_raw,10KB,10240,17,t5_t6_return,0
C_raw,10KB,10240,17,t0_t6_total,923500
C_raw,10KB,10240,18,t0_t1_validation,337600
C_raw,10KB,10240,18,t1_t2_encode,17600
C_raw,10KB,10240,18,t2_t3_write,494600
C_raw,10KB,10240,18,t3_t4_rename,0
C_raw,10KB,10240,18,t4_t5_audit,0
C_raw,10KB,10240,18,t5_t6_return,0
C_raw,10KB,10240,18,t0_t6_total,849800
C_raw,10KB,10240,19,t0_t1_validation,437300
C_raw,10KB,10240,19,t1_t2_encode,15600
C_raw,10KB,10240,19,t2_t3_write,539500
C_raw,10KB,10240,19,t3_t4_rename,0
C_raw,10KB,10240,19,t4_t5_audit,0
C_raw,10KB,10240,19,t5_t6_return,0
C_raw,10KB,10240,19,t0_t6_total,992400
C_raw,10KB,10240,20,t0_t1_validation,334200
C_raw,10KB,10240,20,t1_t2_encode,18000
C_raw,10KB,10240,20,t2_t3_write,504500
C_raw,10KB,10240,20,t3_t4_rename,0
C_raw,10KB,10240,20,t4_t5_audit,0
C_raw,10KB,10240,20,t5_t6_return,0
C_raw,10KB,10240,20,t0_t6_total,856700
C_raw,10KB,10240,21,t0_t1_validation,352800
C_raw,10KB,10240,21,t1_t2_encode,18500
C_raw,10KB,10240,21,t2_t3_write,621200
C_raw,10KB,10240,21,t3_t4_rename,0
C_raw,10KB,10240,21,t4_t5_audit,0
C_raw,10KB,10240,21,t5_t6_return,0
C_raw,10KB,10240,21,t0_t6_total,992500
C_raw,10KB,10240,22,t0_t1_validation,360900
C_raw,10KB,10240,22,t1_t2_encode,21200
C_raw,10KB,10240,22,t2_t3_write,735600
C_raw,10KB,10240,22,t3_t4_rename,0
C_raw,10KB,10240,22,t4_t5_audit,0
C_raw,10KB,10240,22,t5_t6_return,0
C_raw,10KB,10240,22,t0_t6_total,1117700
C_raw,10KB,10240,23,t0_t1_validation,426700
C_raw,10KB,10240,23,t1_t2_encode,22600
C_raw,10KB,10240,23,t2_t3_write,616300
C_raw,10KB,10240,23,t3_t4_rename,0
C_raw,10KB,10240,23,t4_t5_audit,0
C_raw,10KB,10240,23,t5_t6_return,0
C_raw,10KB,10240,23,t0_t6_total,1065600
C_raw,10KB,10240,24,t0_t1_validation,507100
C_raw,10KB,10240,24,t1_t2_encode,20700
C_raw,10KB,10240,24,t2_t3_write,748500
C_raw,10KB,10240,24,t3_t4_rename,0
C_raw,10KB,10240,24,t4_t5_audit,0
C_raw,10KB,10240,24,t5_t6_return,0
C_raw,10KB,10240,24,t0_t6_total,1276300
C_raw,10KB,10240,25,t0_t1_validation,364500
C_raw,10KB,10240,25,t1_t2_encode,12300
C_raw,10KB,10240,25,t2_t3_write,573200
C_raw,10KB,10240,25,t3_t4_rename,0
C_raw,10KB,10240,25,t4_t5_audit,0
C_raw,10KB,10240,25,t5_t6_return,0
C_raw,10KB,10240,25,t0_t6_total,950000
C_raw,10KB,10240,26,t0_t1_validation,383200
C_raw,10KB,10240,26,t1_t2_encode,17000
C_raw,10KB,10240,26,t2_t3_write,525700
C_raw,10KB,10240,26,t3_t4_rename,0
C_raw,10KB,10240,26,t4_t5_audit,0
C_raw,10KB,10240,26,t5_t6_return,0
C_raw,10KB,10240,26,t0_t6_total,925900
C_raw,10KB,10240,27,t0_t1_validation,798300
C_raw,10KB,10240,27,t1_t2_encode,22500
C_raw,10KB,10240,27,t2_t3_write,1143900
C_raw,10KB,10240,27,t3_t4_rename,0
C_raw,10KB,10240,27,t4_t5_audit,0
C_raw,10KB,10240,27,t5_t6_return,0
C_raw,10KB,10240,27,t0_t6_total,1964700
C_raw,10KB,10240,28,t0_t1_validation,428900
C_raw,10KB,10240,28,t1_t2_encode,22800
C_raw,10KB,10240,28,t2_t3_write,1259600
C_raw,10KB,10240,28,t3_t4_rename,0
C_raw,10KB,10240,28,t4_t5_audit,0
C_raw,10KB,10240,28,t5_t6_return,0
C_raw,10KB,10240,28,t0_t6_total,1711300
C_raw,10KB,10240,29,t0_t1_validation,406600
C_raw,10KB,10240,29,t1_t2_encode,19800
C_raw,10KB,10240,29,t2_t3_write,750200
C_raw,10KB,10240,29,t3_t4_rename,0
C_raw,10KB,10240,29,t4_t5_audit,0
C_raw,10KB,10240,29,t5_t6_return,0
C_raw,10KB,10240,29,t0_t6_total,1176600
A_full,100KB,102400,0,t0_t1_validation,474800
A_full,100KB,102400,0,t1_t2_encode,115000
A_full,100KB,102400,0,t2_t3_write,1929200
A_full,100KB,102400,0,t3_t4_rename,0
A_full,100KB,102400,0,t4_t5_audit,30300
A_full,100KB,102400,0,t5_t6_return,100
A_full,100KB,102400,0,t0_t6_total,2549400
A_full,100KB,102400,1,t0_t1_validation,435800
A_full,100KB,102400,1,t1_t2_encode,109400
A_full,100KB,102400,1,t2_t3_write,3194100
A_full,100KB,102400,1,t3_t4_rename,0
A_full,100KB,102400,1,t4_t5_audit,47200
A_full,100KB,102400,1,t5_t6_return,200
A_full,100KB,102400,1,t0_t6_total,3786700
A_full,100KB,102400,2,t0_t1_validation,539900
A_full,100KB,102400,2,t1_t2_encode,135800
A_full,100KB,102400,2,t2_t3_write,2049400
A_full,100KB,102400,2,t3_t4_rename,0
A_full,100KB,102400,2,t4_t5_audit,36900
A_full,100KB,102400,2,t5_t6_return,200
A_full,100KB,102400,2,t0_t6_total,2762200
A_full,100KB,102400,3,t0_t1_validation,496200
A_full,100KB,102400,3,t1_t2_encode,122400
A_full,100KB,102400,3,t2_t3_write,2239000
A_full,100KB,102400,3,t3_t4_rename,0
A_full,100KB,102400,3,t4_t5_audit,25000
A_full,100KB,102400,3,t5_t6_return,300
A_full,100KB,102400,3,t0_t6_total,2882900
A_full,100KB,102400,4,t0_t1_validation,405200
A_full,100KB,102400,4,t1_t2_encode,161300
A_full,100KB,102400,4,t2_t3_write,2216400
A_full,100KB,102400,4,t3_t4_rename,0
A_full,100KB,102400,4,t4_t5_audit,42000
A_full,100KB,102400,4,t5_t6_return,200
A_full,100KB,102400,4,t0_t6_total,2825100
A_full,100KB,102400,5,t0_t1_validation,408600
A_full,100KB,102400,5,t1_t2_encode,139900
A_full,100KB,102400,5,t2_t3_write,2067600
A_full,100KB,102400,5,t3_t4_rename,0
A_full,100KB,102400,5,t4_t5_audit,29000
A_full,100KB,102400,5,t5_t6_return,300
A_full,100KB,102400,5,t0_t6_total,2645400
A_full,100KB,102400,6,t0_t1_validation,381500
A_full,100KB,102400,6,t1_t2_encode,122100
A_full,100KB,102400,6,t2_t3_write,2182600
A_full,100KB,102400,6,t3_t4_rename,0
A_full,100KB,102400,6,t4_t5_audit,31800
A_full,100KB,102400,6,t5_t6_return,300
A_full,100KB,102400,6,t0_t6_total,2718300
A_full,100KB,102400,7,t0_t1_validation,409400
A_full,100KB,102400,7,t1_t2_encode,124300
A_full,100KB,102400,7,t2_t3_write,1909400
A_full,100KB,102400,7,t3_t4_rename,0
A_full,100KB,102400,7,t4_t5_audit,24000
A_full,100KB,102400,7,t5_t6_return,300
A_full,100KB,102400,7,t0_t6_total,2467400
A_full,100KB,102400,8,t0_t1_validation,741300
A_full,100KB,102400,8,t1_t2_encode,169400
A_full,100KB,102400,8,t2_t3_write,1952700
A_full,100KB,102400,8,t3_t4_rename,0
A_full,100KB,102400,8,t4_t5_audit,22700
A_full,100KB,102400,8,t5_t6_return,200
A_full,100KB,102400,8,t0_t6_total,2886300
A_full,100KB,102400,9,t0_t1_validation,462300
A_full,100KB,102400,9,t1_t2_encode,168500
A_full,100KB,102400,9,t2_t3_write,3213200
A_full,100KB,102400,9,t3_t4_rename,0
A_full,100KB,102400,9,t4_t5_audit,44600
A_full,100KB,102400,9,t5_t6_return,300
A_full,100KB,102400,9,t0_t6_total,3888900
A_full,100KB,102400,10,t0_t1_validation,563700
A_full,100KB,102400,10,t1_t2_encode,145000
A_full,100KB,102400,10,t2_t3_write,2446800
A_full,100KB,102400,10,t3_t4_rename,0
A_full,100KB,102400,10,t4_t5_audit,35200
A_full,100KB,102400,10,t5_t6_return,200
A_full,100KB,102400,10,t0_t6_total,3190900
A_full,100KB,102400,11,t0_t1_validation,479200
A_full,100KB,102400,11,t1_t2_encode,115700
A_full,100KB,102400,11,t2_t3_write,2045300
A_full,100KB,102400,11,t3_t4_rename,0
A_full,100KB,102400,11,t4_t5_audit,65800
A_full,100KB,102400,11,t5_t6_return,400
A_full,100KB,102400,11,t0_t6_total,2706400
A_full,100KB,102400,12,t0_t1_validation,549300
A_full,100KB,102400,12,t1_t2_encode,176000
A_full,100KB,102400,12,t2_t3_write,2236000
A_full,100KB,102400,12,t3_t4_rename,0
A_full,100KB,102400,12,t4_t5_audit,37900
A_full,100KB,102400,12,t5_t6_return,300
A_full,100KB,102400,12,t0_t6_total,2999500
A_full,100KB,102400,13,t0_t1_validation,418600
A_full,100KB,102400,13,t1_t2_encode,129600
A_full,100KB,102400,13,t2_t3_write,1886400
A_full,100KB,102400,13,t3_t4_rename,0
A_full,100KB,102400,13,t4_t5_audit,26700
A_full,100KB,102400,13,t5_t6_return,300
A_full,100KB,102400,13,t0_t6_total,2461600
A_full,100KB,102400,14,t0_t1_validation,379500
A_full,100KB,102400,14,t1_t2_encode,116000
A_full,100KB,102400,14,t2_t3_write,1862700
A_full,100KB,102400,14,t3_t4_rename,0
A_full,100KB,102400,14,t4_t5_audit,23700
A_full,100KB,102400,14,t5_t6_return,200
A_full,100KB,102400,14,t0_t6_total,2382100
A_full,100KB,102400,15,t0_t1_validation,342400
A_full,100KB,102400,15,t1_t2_encode,127600
A_full,100KB,102400,15,t2_t3_write,2081600
A_full,100KB,102400,15,t3_t4_rename,0
A_full,100KB,102400,15,t4_t5_audit,31600
A_full,100KB,102400,15,t5_t6_return,300
A_full,100KB,102400,15,t0_t6_total,2583500
A_full,100KB,102400,16,t0_t1_validation,475700
A_full,100KB,102400,16,t1_t2_encode,129500
A_full,100KB,102400,16,t2_t3_write,2055300
A_full,100KB,102400,16,t3_t4_rename,0
A_full,100KB,102400,16,t4_t5_audit,31500
A_full,100KB,102400,16,t5_t6_return,300
A_full,100KB,102400,16,t0_t6_total,2692300
A_full,100KB,102400,17,t0_t1_validation,413400
A_full,100KB,102400,17,t1_t2_encode,123400
A_full,100KB,102400,17,t2_t3_write,1903000
A_full,100KB,102400,17,t3_t4_rename,0
A_full,100KB,102400,17,t4_t5_audit,36300
A_full,100KB,102400,17,t5_t6_return,300
A_full,100KB,102400,17,t0_t6_total,2476400
A_full,100KB,102400,18,t0_t1_validation,350100
A_full,100KB,102400,18,t1_t2_encode,119800
A_full,100KB,102400,18,t2_t3_write,2091100
A_full,100KB,102400,18,t3_t4_rename,0
A_full,100KB,102400,18,t4_t5_audit,31600
A_full,100KB,102400,18,t5_t6_return,300
A_full,100KB,102400,18,t0_t6_total,2592900
A_full,100KB,102400,19,t0_t1_validation,449000
A_full,100KB,102400,19,t1_t2_encode,129200
A_full,100KB,102400,19,t2_t3_write,2018600
A_full,100KB,102400,19,t3_t4_rename,0
A_full,100KB,102400,19,t4_t5_audit,38400
A_full,100KB,102400,19,t5_t6_return,200
A_full,100KB,102400,19,t0_t6_total,2635400
A_full,100KB,102400,20,t0_t1_validation,438000
A_full,100KB,102400,20,t1_t2_encode,143600
A_full,100KB,102400,20,t2_t3_write,2587500
A_full,100KB,102400,20,t3_t4_rename,0
A_full,100KB,102400,20,t4_t5_audit,40100
A_full,100KB,102400,20,t5_t6_return,300
A_full,100KB,102400,20,t0_t6_total,3209500
A_full,100KB,102400,21,t0_t1_validation,555400
A_full,100KB,102400,21,t1_t2_encode,129600
A_full,100KB,102400,21,t2_t3_write,1971400
A_full,100KB,102400,21,t3_t4_rename,0
A_full,100KB,102400,21,t4_t5_audit,44800
A_full,100KB,102400,21,t5_t6_return,300
A_full,100KB,102400,21,t0_t6_total,2701500
A_full,100KB,102400,22,t0_t1_validation,541600
A_full,100KB,102400,22,t1_t2_encode,136500
A_full,100KB,102400,22,t2_t3_write,2287700
A_full,100KB,102400,22,t3_t4_rename,0
A_full,100KB,102400,22,t4_t5_audit,42400
A_full,100KB,102400,22,t5_t6_return,200
A_full,100KB,102400,22,t0_t6_total,3008400
A_full,100KB,102400,23,t0_t1_validation,462600
A_full,100KB,102400,23,t1_t2_encode,134700
A_full,100KB,102400,23,t2_t3_write,1913800
A_full,100KB,102400,23,t3_t4_rename,0
A_full,100KB,102400,23,t4_t5_audit,37900
A_full,100KB,102400,23,t5_t6_return,300
A_full,100KB,102400,23,t0_t6_total,2549300
A_full,100KB,102400,24,t0_t1_validation,466100
A_full,100KB,102400,24,t1_t2_encode,121200
A_full,100KB,102400,24,t2_t3_write,2529000
A_full,100KB,102400,24,t3_t4_rename,0
A_full,100KB,102400,24,t4_t5_audit,36400
A_full,100KB,102400,24,t5_t6_return,300
A_full,100KB,102400,24,t0_t6_total,3153000
A_full,100KB,102400,25,t0_t1_validation,484600
A_full,100KB,102400,25,t1_t2_encode,131000
A_full,100KB,102400,25,t2_t3_write,2159300
A_full,100KB,102400,25,t3_t4_rename,0
A_full,100KB,102400,25,t4_t5_audit,29600
A_full,100KB,102400,25,t5_t6_return,200
A_full,100KB,102400,25,t0_t6_total,2804700
A_full,100KB,102400,26,t0_t1_validation,412800
A_full,100KB,102400,26,t1_t2_encode,126800
A_full,100KB,102400,26,t2_t3_write,1920100
A_full,100KB,102400,26,t3_t4_rename,0
A_full,100KB,102400,26,t4_t5_audit,34000
A_full,100KB,102400,26,t5_t6_return,200
A_full,100KB,102400,26,t0_t6_total,2493900
A_full,100KB,102400,27,t0_t1_validation,391100
A_full,100KB,102400,27,t1_t2_encode,136800
A_full,100KB,102400,27,t2_t3_write,2550000
A_full,100KB,102400,27,t3_t4_rename,0
A_full,100KB,102400,27,t4_t5_audit,59500
A_full,100KB,102400,27,t5_t6_return,600
A_full,100KB,102400,27,t0_t6_total,3138000
A_full,100KB,102400,28,t0_t1_validation,529100
A_full,100KB,102400,28,t1_t2_encode,141800
A_full,100KB,102400,28,t2_t3_write,2051300
A_full,100KB,102400,28,t3_t4_rename,0
A_full,100KB,102400,28,t4_t5_audit,43600
A_full,100KB,102400,28,t5_t6_return,300
A_full,100KB,102400,28,t0_t6_total,2766100
A_full,100KB,102400,29,t0_t1_validation,455100
A_full,100KB,102400,29,t1_t2_encode,127900
A_full,100KB,102400,29,t2_t3_write,2084400
A_full,100KB,102400,29,t3_t4_rename,0
A_full,100KB,102400,29,t4_t5_audit,27100
A_full,100KB,102400,29,t5_t6_return,300
A_full,100KB,102400,29,t0_t6_total,2694800
B_no_audit,100KB,102400,0,t0_t1_validation,739300
B_no_audit,100KB,102400,0,t1_t2_encode,136800
B_no_audit,100KB,102400,0,t2_t3_write,2246300
B_no_audit,100KB,102400,0,t3_t4_rename,0
B_no_audit,100KB,102400,0,t4_t5_audit,600
B_no_audit,100KB,102400,0,t5_t6_return,200
B_no_audit,100KB,102400,0,t0_t6_total,3123200
B_no_audit,100KB,102400,1,t0_t1_validation,430500
B_no_audit,100KB,102400,1,t1_t2_encode,125100
B_no_audit,100KB,102400,1,t2_t3_write,2090500
B_no_audit,100KB,102400,1,t3_t4_rename,0
B_no_audit,100KB,102400,1,t4_t5_audit,600
B_no_audit,100KB,102400,1,t5_t6_return,200
B_no_audit,100KB,102400,1,t0_t6_total,2646900
B_no_audit,100KB,102400,2,t0_t1_validation,471500
B_no_audit,100KB,102400,2,t1_t2_encode,149800
B_no_audit,100KB,102400,2,t2_t3_write,2087700
B_no_audit,100KB,102400,2,t3_t4_rename,0
B_no_audit,100KB,102400,2,t4_t5_audit,600
B_no_audit,100KB,102400,2,t5_t6_return,300
B_no_audit,100KB,102400,2,t0_t6_total,2709900
B_no_audit,100KB,102400,3,t0_t1_validation,450800
B_no_audit,100KB,102400,3,t1_t2_encode,180300
B_no_audit,100KB,102400,3,t2_t3_write,2710800
B_no_audit,100KB,102400,3,t3_t4_rename,0
B_no_audit,100KB,102400,3,t4_t5_audit,600
B_no_audit,100KB,102400,3,t5_t6_return,200
B_no_audit,100KB,102400,3,t0_t6_total,3342700
B_no_audit,100KB,102400,4,t0_t1_validation,1019100
B_no_audit,100KB,102400,4,t1_t2_encode,194100
B_no_audit,100KB,102400,4,t2_t3_write,2586800
B_no_audit,100KB,102400,4,t3_t4_rename,0
B_no_audit,100KB,102400,4,t4_t5_audit,800
B_no_audit,100KB,102400,4,t5_t6_return,200
B_no_audit,100KB,102400,4,t0_t6_total,3801000
B_no_audit,100KB,102400,5,t0_t1_validation,487300
B_no_audit,100KB,102400,5,t1_t2_encode,133800
B_no_audit,100KB,102400,5,t2_t3_write,2178500
B_no_audit,100KB,102400,5,t3_t4_rename,0
B_no_audit,100KB,102400,5,t4_t5_audit,600
B_no_audit,100KB,102400,5,t5_t6_return,200
B_no_audit,100KB,102400,5,t0_t6_total,2800400
B_no_audit,100KB,102400,6,t0_t1_validation,465400
B_no_audit,100KB,102400,6,t1_t2_encode,131500
B_no_audit,100KB,102400,6,t2_t3_write,1978900
B_no_audit,100KB,102400,6,t3_t4_rename,0
B_no_audit,100KB,102400,6,t4_t5_audit,500
B_no_audit,100KB,102400,6,t5_t6_return,200
B_no_audit,100KB,102400,6,t0_t6_total,2576500
B_no_audit,100KB,102400,7,t0_t1_validation,372800
B_no_audit,100KB,102400,7,t1_t2_encode,135100
B_no_audit,100KB,102400,7,t2_t3_write,2096800
B_no_audit,100KB,102400,7,t3_t4_rename,0
B_no_audit,100KB,102400,7,t4_t5_audit,1100
B_no_audit,100KB,102400,7,t5_t6_return,300
B_no_audit,100KB,102400,7,t0_t6_total,2606100
B_no_audit,100KB,102400,8,t0_t1_validation,541100
B_no_audit,100KB,102400,8,t1_t2_encode,149800
B_no_audit,100KB,102400,8,t2_t3_write,2248200
B_no_audit,100KB,102400,8,t3_t4_rename,0
B_no_audit,100KB,102400,8,t4_t5_audit,800
B_no_audit,100KB,102400,8,t5_t6_return,200
B_no_audit,100KB,102400,8,t0_t6_total,2940100
B_no_audit,100KB,102400,9,t0_t1_validation,411200
B_no_audit,100KB,102400,9,t1_t2_encode,136300
B_no_audit,100KB,102400,9,t2_t3_write,2091100
B_no_audit,100KB,102400,9,t3_t4_rename,0
B_no_audit,100KB,102400,9,t4_t5_audit,700
B_no_audit,100KB,102400,9,t5_t6_return,200
B_no_audit,100KB,102400,9,t0_t6_total,2639500
B_no_audit,100KB,102400,10,t0_t1_validation,391200
B_no_audit,100KB,102400,10,t1_t2_encode,135800
B_no_audit,100KB,102400,10,t2_t3_write,2192200
B_no_audit,100KB,102400,10,t3_t4_rename,0
B_no_audit,100KB,102400,10,t4_t5_audit,600
B_no_audit,100KB,102400,10,t5_t6_return,200
B_no_audit,100KB,102400,10,t0_t6_total,2720000
B_no_audit,100KB,102400,11,t0_t1_validation,1228300
B_no_audit,100KB,102400,11,t1_t2_encode,139200
B_no_audit,100KB,102400,11,t2_t3_write,2342200
B_no_audit,100KB,102400,11,t3_t4_rename,0
B_no_audit,100KB,102400,11,t4_t5_audit,800
B_no_audit,100KB,102400,11,t5_t6_return,200
B_no_audit,100KB,102400,11,t0_t6_total,3710700
B_no_audit,100KB,102400,12,t0_t1_validation,427400
B_no_audit,100KB,102400,12,t1_t2_encode,141400
B_no_audit,100KB,102400,12,t2_t3_write,2263900
B_no_audit,100KB,102400,12,t3_t4_rename,0
B_no_audit,100KB,102400,12,t4_t5_audit,700
B_no_audit,100KB,102400,12,t5_t6_return,200
B_no_audit,100KB,102400,12,t0_t6_total,2833600
B_no_audit,100KB,102400,13,t0_t1_validation,471300
B_no_audit,100KB,102400,13,t1_t2_encode,119500
B_no_audit,100KB,102400,13,t2_t3_write,1876500
B_no_audit,100KB,102400,13,t3_t4_rename,0
B_no_audit,100KB,102400,13,t4_t5_audit,1600
B_no_audit,100KB,102400,13,t5_t6_return,700
B_no_audit,100KB,102400,13,t0_t6_total,2469600
B_no_audit,100KB,102400,14,t0_t1_validation,406500
B_no_audit,100KB,102400,14,t1_t2_encode,136200
B_no_audit,100KB,102400,14,t2_t3_write,4963000
B_no_audit,100KB,102400,14,t3_t4_rename,0
B_no_audit,100KB,102400,14,t4_t5_audit,1500
B_no_audit,100KB,102400,14,t5_t6_return,200
B_no_audit,100KB,102400,14,t0_t6_total,5507400
B_no_audit,100KB,102400,15,t0_t1_validation,3055400
B_no_audit,100KB,102400,15,t1_t2_encode,113000
B_no_audit,100KB,102400,15,t2_t3_write,2470500
B_no_audit,100KB,102400,15,t3_t4_rename,0
B_no_audit,100KB,102400,15,t4_t5_audit,800
B_no_audit,100KB,102400,15,t5_t6_return,200
B_no_audit,100KB,102400,15,t0_t6_total,5639900
B_no_audit,100KB,102400,16,t0_t1_validation,434600
B_no_audit,100KB,102400,16,t1_t2_encode,110700
B_no_audit,100KB,102400,16,t2_t3_write,2126700
B_no_audit,100KB,102400,16,t3_t4_rename,0
B_no_audit,100KB,102400,16,t4_t5_audit,500
B_no_audit,100KB,102400,16,t5_t6_return,200
B_no_audit,100KB,102400,16,t0_t6_total,2672700
B_no_audit,100KB,102400,17,t0_t1_validation,360000
B_no_audit,100KB,102400,17,t1_t2_encode,119700
B_no_audit,100KB,102400,17,t2_t3_write,1759500
B_no_audit,100KB,102400,17,t3_t4_rename,0
B_no_audit,100KB,102400,17,t4_t5_audit,500
B_no_audit,100KB,102400,17,t5_t6_return,200
B_no_audit,100KB,102400,17,t0_t6_total,2239900
B_no_audit,100KB,102400,18,t0_t1_validation,485300
B_no_audit,100KB,102400,18,t1_t2_encode,140800
B_no_audit,100KB,102400,18,t2_t3_write,2203800
B_no_audit,100KB,102400,18,t3_t4_rename,0
B_no_audit,100KB,102400,18,t4_t5_audit,700
B_no_audit,100KB,102400,18,t5_t6_return,300
B_no_audit,100KB,102400,18,t0_t6_total,2830900
B_no_audit,100KB,102400,19,t0_t1_validation,532500
B_no_audit,100KB,102400,19,t1_t2_encode,147500
B_no_audit,100KB,102400,19,t2_t3_write,2368900
B_no_audit,100KB,102400,19,t3_t4_rename,0
B_no_audit,100KB,102400,19,t4_t5_audit,500
B_no_audit,100KB,102400,19,t5_t6_return,200
B_no_audit,100KB,102400,19,t0_t6_total,3049600
B_no_audit,100KB,102400,20,t0_t1_validation,368800
B_no_audit,100KB,102400,20,t1_t2_encode,131100
B_no_audit,100KB,102400,20,t2_t3_write,1790100
B_no_audit,100KB,102400,20,t3_t4_rename,0
B_no_audit,100KB,102400,20,t4_t5_audit,500
B_no_audit,100KB,102400,20,t5_t6_return,200
B_no_audit,100KB,102400,20,t0_t6_total,2290700
B_no_audit,100KB,102400,21,t0_t1_validation,353800
B_no_audit,100KB,102400,21,t1_t2_encode,147100
B_no_audit,100KB,102400,21,t2_t3_write,1746500
B_no_audit,100KB,102400,21,t3_t4_rename,0
B_no_audit,100KB,102400,21,t4_t5_audit,500
B_no_audit,100KB,102400,21,t5_t6_return,200
B_no_audit,100KB,102400,21,t0_t6_total,2248100
B_no_audit,100KB,102400,22,t0_t1_validation,450400
B_no_audit,100KB,102400,22,t1_t2_encode,142900
B_no_audit,100KB,102400,22,t2_t3_write,2062000
B_no_audit,100KB,102400,22,t3_t4_rename,0
B_no_audit,100KB,102400,22,t4_t5_audit,400
B_no_audit,100KB,102400,22,t5_t6_return,200
B_no_audit,100KB,102400,22,t0_t6_total,2655900
B_no_audit,100KB,102400,23,t0_t1_validation,380100
B_no_audit,100KB,102400,23,t1_t2_encode,117200
B_no_audit,100KB,102400,23,t2_t3_write,2002800
B_no_audit,100KB,102400,23,t3_t4_rename,0
B_no_audit,100KB,102400,23,t4_t5_audit,600
B_no_audit,100KB,102400,23,t5_t6_return,200
B_no_audit,100KB,102400,23,t0_t6_total,2500900
B_no_audit,100KB,102400,24,t0_t1_validation,405500
B_no_audit,100KB,102400,24,t1_t2_encode,123800
B_no_audit,100KB,102400,24,t2_t3_write,2665300
B_no_audit,100KB,102400,24,t3_t4_rename,0
B_no_audit,100KB,102400,24,t4_t5_audit,1000
B_no_audit,100KB,102400,24,t5_t6_return,200
B_no_audit,100KB,102400,24,t0_t6_total,3195800
B_no_audit,100KB,102400,25,t0_t1_validation,466100
B_no_audit,100KB,102400,25,t1_t2_encode,141300
B_no_audit,100KB,102400,25,t2_t3_write,2198400
B_no_audit,100KB,102400,25,t3_t4_rename,0
B_no_audit,100KB,102400,25,t4_t5_audit,1100
B_no_audit,100KB,102400,25,t5_t6_return,300
B_no_audit,100KB,102400,25,t0_t6_total,2807200
B_no_audit,100KB,102400,26,t0_t1_validation,1779600
B_no_audit,100KB,102400,26,t1_t2_encode,172200
B_no_audit,100KB,102400,26,t2_t3_write,2198200
B_no_audit,100KB,102400,26,t3_t4_rename,0
B_no_audit,100KB,102400,26,t4_t5_audit,400
B_no_audit,100KB,102400,26,t5_t6_return,300
B_no_audit,100KB,102400,26,t0_t6_total,4150700
B_no_audit,100KB,102400,27,t0_t1_validation,466100
B_no_audit,100KB,102400,27,t1_t2_encode,153900
B_no_audit,100KB,102400,27,t2_t3_write,1824300
B_no_audit,100KB,102400,27,t3_t4_rename,0
B_no_audit,100KB,102400,27,t4_t5_audit,600
B_no_audit,100KB,102400,27,t5_t6_return,100
B_no_audit,100KB,102400,27,t0_t6_total,2445000
B_no_audit,100KB,102400,28,t0_t1_validation,480800
B_no_audit,100KB,102400,28,t1_t2_encode,129600
B_no_audit,100KB,102400,28,t2_t3_write,2099600
B_no_audit,100KB,102400,28,t3_t4_rename,0
B_no_audit,100KB,102400,28,t4_t5_audit,400
B_no_audit,100KB,102400,28,t5_t6_return,200
B_no_audit,100KB,102400,28,t0_t6_total,2710600
B_no_audit,100KB,102400,29,t0_t1_validation,318100
B_no_audit,100KB,102400,29,t1_t2_encode,117100
B_no_audit,100KB,102400,29,t2_t3_write,1672700
B_no_audit,100KB,102400,29,t3_t4_rename,0
B_no_audit,100KB,102400,29,t4_t5_audit,700
B_no_audit,100KB,102400,29,t5_t6_return,300
B_no_audit,100KB,102400,29,t0_t6_total,2108900
C_raw,100KB,102400,0,t0_t1_validation,477400
C_raw,100KB,102400,0,t1_t2_encode,103400
C_raw,100KB,102400,0,t2_t3_write,641300
C_raw,100KB,102400,0,t3_t4_rename,0
C_raw,100KB,102400,0,t4_t5_audit,0
C_raw,100KB,102400,0,t5_t6_return,0
C_raw,100KB,102400,0,t0_t6_total,1222100
C_raw,100KB,102400,1,t0_t1_validation,727900
C_raw,100KB,102400,1,t1_t2_encode,234900
C_raw,100KB,102400,1,t2_t3_write,1065400
C_raw,100KB,102400,1,t3_t4_rename,0
C_raw,100KB,102400,1,t4_t5_audit,0
C_raw,100KB,102400,1,t5_t6_return,0
C_raw,100KB,102400,1,t0_t6_total,2028200
C_raw,100KB,102400,2,t0_t1_validation,400500
C_raw,100KB,102400,2,t1_t2_encode,138200
C_raw,100KB,102400,2,t2_t3_write,664700
C_raw,100KB,102400,2,t3_t4_rename,0
C_raw,100KB,102400,2,t4_t5_audit,0
C_raw,100KB,102400,2,t5_t6_return,0
C_raw,100KB,102400,2,t0_t6_total,1203400
C_raw,100KB,102400,3,t0_t1_validation,397800
C_raw,100KB,102400,3,t1_t2_encode,145600
C_raw,100KB,102400,3,t2_t3_write,610800
C_raw,100KB,102400,3,t3_t4_rename,0
C_raw,100KB,102400,3,t4_t5_audit,0
C_raw,100KB,102400,3,t5_t6_return,0
C_raw,100KB,102400,3,t0_t6_total,1154200
C_raw,100KB,102400,4,t0_t1_validation,341300
C_raw,100KB,102400,4,t1_t2_encode,100800
C_raw,100KB,102400,4,t2_t3_write,472100
C_raw,100KB,102400,4,t3_t4_rename,0
C_raw,100KB,102400,4,t4_t5_audit,0
C_raw,100KB,102400,4,t5_t6_return,0
C_raw,100KB,102400,4,t0_t6_total,914200
C_raw,100KB,102400,5,t0_t1_validation,358800
C_raw,100KB,102400,5,t1_t2_encode,124900
C_raw,100KB,102400,5,t2_t3_write,865400
C_raw,100KB,102400,5,t3_t4_rename,0
C_raw,100KB,102400,5,t4_t5_audit,0
C_raw,100KB,102400,5,t5_t6_return,0
C_raw,100KB,102400,5,t0_t6_total,1349100
C_raw,100KB,102400,6,t0_t1_validation,609700
C_raw,100KB,102400,6,t1_t2_encode,88000
C_raw,100KB,102400,6,t2_t3_write,639500
C_raw,100KB,102400,6,t3_t4_rename,0
C_raw,100KB,102400,6,t4_t5_audit,0
C_raw,100KB,102400,6,t5_t6_return,0
C_raw,100KB,102400,6,t0_t6_total,1337200
C_raw,100KB,102400,7,t0_t1_validation,497300
C_raw,100KB,102400,7,t1_t2_encode,120300
C_raw,100KB,102400,7,t2_t3_write,699700
C_raw,100KB,102400,7,t3_t4_rename,0
C_raw,100KB,102400,7,t4_t5_audit,0
C_raw,100KB,102400,7,t5_t6_return,0
C_raw,100KB,102400,7,t0_t6_total,1317300
C_raw,100KB,102400,8,t0_t1_validation,395600
C_raw,100KB,102400,8,t1_t2_encode,124800
C_raw,100KB,102400,8,t2_t3_write,672200
C_raw,100KB,102400,8,t3_t4_rename,0
C_raw,100KB,102400,8,t4_t5_audit,0
C_raw,100KB,102400,8,t5_t6_return,0
C_raw,100KB,102400,8,t0_t6_total,1192600
C_raw,100KB,102400,9,t0_t1_validation,421300
C_raw,100KB,102400,9,t1_t2_encode,148700
C_raw,100KB,102400,9,t2_t3_write,795400
C_raw,100KB,102400,9,t3_t4_rename,0
C_raw,100KB,102400,9,t4_t5_audit,0
C_raw,100KB,102400,9,t5_t6_return,0
C_raw,100KB,102400,9,t0_t6_total,1365400
C_raw,100KB,102400,10,t0_t1_validation,391800
C_raw,100KB,102400,10,t1_t2_encode,106900
C_raw,100KB,102400,10,t2_t3_write,657600
C_raw,100KB,102400,10,t3_t4_rename,0
C_raw,100KB,102400,10,t4_t5_audit,0
C_raw,100KB,102400,10,t5_t6_return,0
C_raw,100KB,102400,10,t0_t6_total,1156300
C_raw,100KB,102400,11,t0_t1_validation,363300
C_raw,100KB,102400,11,t1_t2_encode,125200
C_raw,100KB,102400,11,t2_t3_write,760300
C_raw,100KB,102400,11,t3_t4_rename,0
C_raw,100KB,102400,11,t4_t5_audit,0
C_raw,100KB,102400,11,t5_t6_return,0
C_raw,100KB,102400,11,t0_t6_total,1248800
C_raw,100KB,102400,12,t0_t1_validation,428800
C_raw,100KB,102400,12,t1_t2_encode,150200
C_raw,100KB,102400,12,t2_t3_write,633700
C_raw,100KB,102400,12,t3_t4_rename,0
C_raw,100KB,102400,12,t4_t5_audit,0
C_raw,100KB,102400,12,t5_t6_return,0
C_raw,100KB,102400,12,t0_t6_total,1212700
C_raw,100KB,102400,13,t0_t1_validation,316700
C_raw,100KB,102400,13,t1_t2_encode,119800
C_raw,100KB,102400,13,t2_t3_write,868300
C_raw,100KB,102400,13,t3_t4_rename,0
C_raw,100KB,102400,13,t4_t5_audit,0
C_raw,100KB,102400,13,t5_t6_return,0
C_raw,100KB,102400,13,t0_t6_total,1304800
C_raw,100KB,102400,14,t0_t1_validation,480700
C_raw,100KB,102400,14,t1_t2_encode,147500
C_raw,100KB,102400,14,t2_t3_write,630900
C_raw,100KB,102400,14,t3_t4_rename,0
C_raw,100KB,102400,14,t4_t5_audit,0
C_raw,100KB,102400,14,t5_t6_return,0
C_raw,100KB,102400,14,t0_t6_total,1259100
C_raw,100KB,102400,15,t0_t1_validation,370000
C_raw,100KB,102400,15,t1_t2_encode,111500
C_raw,100KB,102400,15,t2_t3_write,582800
C_raw,100KB,102400,15,t3_t4_rename,0
C_raw,100KB,102400,15,t4_t5_audit,0
C_raw,100KB,102400,15,t5_t6_return,0
C_raw,100KB,102400,15,t0_t6_total,1064300
C_raw,100KB,102400,16,t0_t1_validation,366500
C_raw,100KB,102400,16,t1_t2_encode,119500
C_raw,100KB,102400,16,t2_t3_write,631500
C_raw,100KB,102400,16,t3_t4_rename,0
C_raw,100KB,102400,16,t4_t5_audit,0
C_raw,100KB,102400,16,t5_t6_return,0
C_raw,100KB,102400,16,t0_t6_total,1117500
C_raw,100KB,102400,17,t0_t1_validation,413700
C_raw,100KB,102400,17,t1_t2_encode,135700
C_raw,100KB,102400,17,t2_t3_write,871800
C_raw,100KB,102400,17,t3_t4_rename,0
C_raw,100KB,102400,17,t4_t5_audit,0
C_raw,100KB,102400,17,t5_t6_return,0
C_raw,100KB,102400,17,t0_t6_total,1421200
C_raw,100KB,102400,18,t0_t1_validation,463200
C_raw,100KB,102400,18,t1_t2_encode,130300
C_raw,100KB,102400,18,t2_t3_write,764700
C_raw,100KB,102400,18,t3_t4_rename,0
C_raw,100KB,102400,18,t4_t5_audit,0
C_raw,100KB,102400,18,t5_t6_return,0
C_raw,100KB,102400,18,t0_t6_total,1358200
C_raw,100KB,102400,19,t0_t1_validation,477700
C_raw,100KB,102400,19,t1_t2_encode,159200
C_raw,100KB,102400,19,t2_t3_write,906000
C_raw,100KB,102400,19,t3_t4_rename,0
C_raw,100KB,102400,19,t4_t5_audit,0
C_raw,100KB,102400,19,t5_t6_return,0
C_raw,100KB,102400,19,t0_t6_total,1542900
C_raw,100KB,102400,20,t0_t1_validation,398800
C_raw,100KB,102400,20,t1_t2_encode,111300
C_raw,100KB,102400,20,t2_t3_write,902500
C_raw,100KB,102400,20,t3_t4_rename,0
C_raw,100KB,102400,20,t4_t5_audit,0
C_raw,100KB,102400,20,t5_t6_return,0
C_raw,100KB,102400,20,t0_t6_total,1412600
C_raw,100KB,102400,21,t0_t1_validation,457400
C_raw,100KB,102400,21,t1_t2_encode,113100
C_raw,100KB,102400,21,t2_t3_write,964800
C_raw,100KB,102400,21,t3_t4_rename,0
C_raw,100KB,102400,21,t4_t5_audit,0
C_raw,100KB,102400,21,t5_t6_return,0
C_raw,100KB,102400,21,t0_t6_total,1535300
C_raw,100KB,102400,22,t0_t1_validation,418400
C_raw,100KB,102400,22,t1_t2_encode,109100
C_raw,100KB,102400,22,t2_t3_write,689700
C_raw,100KB,102400,22,t3_t4_rename,0
C_raw,100KB,102400,22,t4_t5_audit,0
C_raw,100KB,102400,22,t5_t6_return,0
C_raw,100KB,102400,22,t0_t6_total,1217200
C_raw,100KB,102400,23,t0_t1_validation,433300
C_raw,100KB,102400,23,t1_t2_encode,130700
C_raw,100KB,102400,23,t2_t3_write,684900
C_raw,100KB,102400,23,t3_t4_rename,0
C_raw,100KB,102400,23,t4_t5_audit,0
C_raw,100KB,102400,23,t5_t6_return,0
C_raw,100KB,102400,23,t0_t6_total,1248900
C_raw,100KB,102400,24,t0_t1_validation,408200
C_raw,100KB,102400,24,t1_t2_encode,154200
C_raw,100KB,102400,24,t2_t3_write,738300
C_raw,100KB,102400,24,t3_t4_rename,0
C_raw,100KB,102400,24,t4_t5_audit,0
C_raw,100KB,102400,24,t5_t6_return,0
C_raw,100KB,102400,24,t0_t6_total,1300700
C_raw,100KB,102400,25,t0_t1_validation,448200
C_raw,100KB,102400,25,t1_t2_encode,136700
C_raw,100KB,102400,25,t2_t3_write,863100
C_raw,100KB,102400,25,t3_t4_rename,0
C_raw,100KB,102400,25,t4_t5_audit,0
C_raw,100KB,102400,25,t5_t6_return,0
C_raw,100KB,102400,25,t0_t6_total,1448000
C_raw,100KB,102400,26,t0_t1_validation,427000
C_raw,100KB,102400,26,t1_t2_encode,129100
C_raw,100KB,102400,26,t2_t3_write,736100
C_raw,100KB,102400,26,t3_t4_rename,0
C_raw,100KB,102400,26,t4_t5_audit,0
C_raw,100KB,102400,26,t5_t6_return,0
C_raw,100KB,102400,26,t0_t6_total,1292200
C_raw,100KB,102400,27,t0_t1_validation,354200
C_raw,100KB,102400,27,t1_t2_encode,129600
C_raw,100KB,102400,27,t2_t3_write,549800
C_raw,100KB,102400,27,t3_t4_rename,0
C_raw,100KB,102400,27,t4_t5_audit,0
C_raw,100KB,102400,27,t5_t6_return,0
C_raw,100KB,102400,27,t0_t6_total,1033600
C_raw,100KB,102400,28,t0_t1_validation,318000
C_raw,100KB,102400,28,t1_t2_encode,109900
C_raw,100KB,102400,28,t2_t3_write,502400
C_raw,100KB,102400,28,t3_t4_rename,0
C_raw,100KB,102400,28,t4_t5_audit,0
C_raw,100KB,102400,28,t5_t6_return,0
C_raw,100KB,102400,28,t0_t6_total,930300
C_raw,100KB,102400,29,t0_t1_validation,273300
C_raw,100KB,102400,29,t1_t2_encode,113500
C_raw,100KB,102400,29,t2_t3_write,814700
C_raw,100KB,102400,29,t3_t4_rename,0
C_raw,100KB,102400,29,t4_t5_audit,0
C_raw,100KB,102400,29,t5_t6_return,0
C_raw,100KB,102400,29,t0_t6_total,1201500
A_full,1MB,1048576,0,t0_t1_validation,534500
A_full,1MB,1048576,0,t1_t2_encode,974700
A_full,1MB,1048576,0,t2_t3_write,3591500
A_full,1MB,1048576,0,t3_t4_rename,0
A_full,1MB,1048576,0,t4_t5_audit,49600
A_full,1MB,1048576,0,t5_t6_return,200
A_full,1MB,1048576,0,t0_t6_total,5150500
A_full,1MB,1048576,1,t0_t1_validation,424300
A_full,1MB,1048576,1,t1_t2_encode,1025100
A_full,1MB,1048576,1,t2_t3_write,3403800
A_full,1MB,1048576,1,t3_t4_rename,0
A_full,1MB,1048576,1,t4_t5_audit,42100
A_full,1MB,1048576,1,t5_t6_return,300
A_full,1MB,1048576,1,t0_t6_total,4895600
A_full,1MB,1048576,2,t0_t1_validation,442600
A_full,1MB,1048576,2,t1_t2_encode,911100
A_full,1MB,1048576,2,t2_t3_write,3662800
A_full,1MB,1048576,2,t3_t4_rename,0
A_full,1MB,1048576,2,t4_t5_audit,38400
A_full,1MB,1048576,2,t5_t6_return,200
A_full,1MB,1048576,2,t0_t6_total,5055100
A_full,1MB,1048576,3,t0_t1_validation,469100
A_full,1MB,1048576,3,t1_t2_encode,1062700
A_full,1MB,1048576,3,t2_t3_write,3762700
A_full,1MB,1048576,3,t3_t4_rename,0
A_full,1MB,1048576,3,t4_t5_audit,66100
A_full,1MB,1048576,3,t5_t6_return,300
A_full,1MB,1048576,3,t0_t6_total,5360900
A_full,1MB,1048576,4,t0_t1_validation,982800
A_full,1MB,1048576,4,t1_t2_encode,1208200
A_full,1MB,1048576,4,t2_t3_write,4093500
A_full,1MB,1048576,4,t3_t4_rename,0
A_full,1MB,1048576,4,t4_t5_audit,46000
A_full,1MB,1048576,4,t5_t6_return,300
A_full,1MB,1048576,4,t0_t6_total,6330800
A_full,1MB,1048576,5,t0_t1_validation,523300
A_full,1MB,1048576,5,t1_t2_encode,1286900
A_full,1MB,1048576,5,t2_t3_write,4511500
A_full,1MB,1048576,5,t3_t4_rename,0
A_full,1MB,1048576,5,t4_t5_audit,46000
A_full,1MB,1048576,5,t5_t6_return,300
A_full,1MB,1048576,5,t0_t6_total,6368000
A_full,1MB,1048576,6,t0_t1_validation,535000
A_full,1MB,1048576,6,t1_t2_encode,1028400
A_full,1MB,1048576,6,t2_t3_write,4387900
A_full,1MB,1048576,6,t3_t4_rename,0
A_full,1MB,1048576,6,t4_t5_audit,49300
A_full,1MB,1048576,6,t5_t6_return,200
A_full,1MB,1048576,6,t0_t6_total,6000800
A_full,1MB,1048576,7,t0_t1_validation,406700
A_full,1MB,1048576,7,t1_t2_encode,1095000
A_full,1MB,1048576,7,t2_t3_write,4517600
A_full,1MB,1048576,7,t3_t4_rename,0
A_full,1MB,1048576,7,t4_t5_audit,43300
A_full,1MB,1048576,7,t5_t6_return,200
A_full,1MB,1048576,7,t0_t6_total,6062800
A_full,1MB,1048576,8,t0_t1_validation,453900
A_full,1MB,1048576,8,t1_t2_encode,1276300
A_full,1MB,1048576,8,t2_t3_write,2983500
A_full,1MB,1048576,8,t3_t4_rename,0
A_full,1MB,1048576,8,t4_t5_audit,36300
A_full,1MB,1048576,8,t5_t6_return,300
A_full,1MB,1048576,8,t0_t6_total,4750300
A_full,1MB,1048576,9,t0_t1_validation,430500
A_full,1MB,1048576,9,t1_t2_encode,954600
A_full,1MB,1048576,9,t2_t3_write,3439100
A_full,1MB,1048576,9,t3_t4_rename,0
A_full,1MB,1048576,9,t4_t5_audit,38500
A_full,1MB,1048576,9,t5_t6_return,300
A_full,1MB,1048576,9,t0_t6_total,4863000
A_full,1MB,1048576,10,t0_t1_validation,370800
A_full,1MB,1048576,10,t1_t2_encode,1015100
A_full,1MB,1048576,10,t2_t3_write,2736400
A_full,1MB,1048576,10,t3_t4_rename,0
A_full,1MB,1048576,10,t4_t5_audit,40400
A_full,1MB,1048576,10,t5_t6_return,200
A_full,1MB,1048576,10,t0_t6_total,4162900
A_full,1MB,1048576,11,t0_t1_validation,477500
A_full,1MB,1048576,11,t1_t2_encode,1102200
A_full,1MB,1048576,11,t2_t3_write,3485700
A_full,1MB,1048576,11,t3_t4_rename,0
A_full,1MB,1048576,11,t4_t5_audit,38900
A_full,1MB,1048576,11,t5_t6_return,300
A_full,1MB,1048576,11,t0_t6_total,5104600
A_full,1MB,1048576,12,t0_t1_validation,469800
A_full,1MB,1048576,12,t1_t2_encode,1036900
A_full,1MB,1048576,12,t2_t3_write,4080000
A_full,1MB,1048576,12,t3_t4_rename,0
A_full,1MB,1048576,12,t4_t5_audit,38300
A_full,1MB,1048576,12,t5_t6_return,200
A_full,1MB,1048576,12,t0_t6_total,5625200
A_full,1MB,1048576,13,t0_t1_validation,449400
A_full,1MB,1048576,13,t1_t2_encode,1083700
A_full,1MB,1048576,13,t2_t3_write,5640400
A_full,1MB,1048576,13,t3_t4_rename,0
A_full,1MB,1048576,13,t4_t5_audit,45200
A_full,1MB,1048576,13,t5_t6_return,300
A_full,1MB,1048576,13,t0_t6_total,7219000
A_full,1MB,1048576,14,t0_t1_validation,537500
A_full,1MB,1048576,14,t1_t2_encode,1132600
A_full,1MB,1048576,14,t2_t3_write,3661700
A_full,1MB,1048576,14,t3_t4_rename,0
A_full,1MB,1048576,14,t4_t5_audit,35300
A_full,1MB,1048576,14,t5_t6_return,200
A_full,1MB,1048576,14,t0_t6_total,5367300
A_full,1MB,1048576,15,t0_t1_validation,409300
A_full,1MB,1048576,15,t1_t2_encode,1094800
A_full,1MB,1048576,15,t2_t3_write,4184300
A_full,1MB,1048576,15,t3_t4_rename,0
A_full,1MB,1048576,15,t4_t5_audit,45200
A_full,1MB,1048576,15,t5_t6_return,300
A_full,1MB,1048576,15,t0_t6_total,5733900
A_full,1MB,1048576,16,t0_t1_validation,438800
A_full,1MB,1048576,16,t1_t2_encode,1116100
A_full,1MB,1048576,16,t2_t3_write,3239800
A_full,1MB,1048576,16,t3_t4_rename,0
A_full,1MB,1048576,16,t4_t5_audit,37000
A_full,1MB,1048576,16,t5_t6_return,200
A_full,1MB,1048576,16,t0_t6_total,4831900
A_full,1MB,1048576,17,t0_t1_validation,425800
A_full,1MB,1048576,17,t1_t2_encode,1056000
A_full,1MB,1048576,17,t2_t3_write,3620000
A_full,1MB,1048576,17,t3_t4_rename,0
A_full,1MB,1048576,17,t4_t5_audit,41300
A_full,1MB,1048576,17,t5_t6_return,300
A_full,1MB,1048576,17,t0_t6_total,5143400
A_full,1MB,1048576,18,t0_t1_validation,442700
A_full,1MB,1048576,18,t1_t2_encode,1059600
A_full,1MB,1048576,18,t2_t3_write,4885200
A_full,1MB,1048576,18,t3_t4_rename,0
A_full,1MB,1048576,18,t4_t5_audit,45800
A_full,1MB,1048576,18,t5_t6_return,200
A_full,1MB,1048576,18,t0_t6_total,6433500
A_full,1MB,1048576,19,t0_t1_validation,530600
A_full,1MB,1048576,19,t1_t2_encode,1060300
A_full,1MB,1048576,19,t2_t3_write,3916000
A_full,1MB,1048576,19,t3_t4_rename,0
A_full,1MB,1048576,19,t4_t5_audit,41500
A_full,1MB,1048576,19,t5_t6_return,300
A_full,1MB,1048576,19,t0_t6_total,5548700
A_full,1MB,1048576,20,t0_t1_validation,532200
A_full,1MB,1048576,20,t1_t2_encode,972300
A_full,1MB,1048576,20,t2_t3_write,3463400
A_full,1MB,1048576,20,t3_t4_rename,0
A_full,1MB,1048576,20,t4_t5_audit,40800
A_full,1MB,1048576,20,t5_t6_return,200
A_full,1MB,1048576,20,t0_t6_total,5008900
A_full,1MB,1048576,21,t0_t1_validation,573100
A_full,1MB,1048576,21,t1_t2_encode,1202100
A_full,1MB,1048576,21,t2_t3_write,4627100
A_full,1MB,1048576,21,t3_t4_rename,0
A_full,1MB,1048576,21,t4_t5_audit,46600
A_full,1MB,1048576,21,t5_t6_return,300
A_full,1MB,1048576,21,t0_t6_total,6449200
A_full,1MB,1048576,22,t0_t1_validation,1262500
A_full,1MB,1048576,22,t1_t2_encode,2136400
A_full,1MB,1048576,22,t2_t3_write,4063000
A_full,1MB,1048576,22,t3_t4_rename,0
A_full,1MB,1048576,22,t4_t5_audit,41200
A_full,1MB,1048576,22,t5_t6_return,200
A_full,1MB,1048576,22,t0_t6_total,7503300
A_full,1MB,1048576,23,t0_t1_validation,475800
A_full,1MB,1048576,23,t1_t2_encode,1040900
A_full,1MB,1048576,23,t2_t3_write,4542800
A_full,1MB,1048576,23,t3_t4_rename,0
A_full,1MB,1048576,23,t4_t5_audit,48900
A_full,1MB,1048576,23,t5_t6_return,300
A_full,1MB,1048576,23,t0_t6_total,6108700
A_full,1MB,1048576,24,t0_t1_validation,500000
A_full,1MB,1048576,24,t1_t2_encode,1107400
A_full,1MB,1048576,24,t2_t3_write,3597000
A_full,1MB,1048576,24,t3_t4_rename,0
A_full,1MB,1048576,24,t4_t5_audit,48400
A_full,1MB,1048576,24,t5_t6_return,300
A_full,1MB,1048576,24,t0_t6_total,5253100
A_full,1MB,1048576,25,t0_t1_validation,457300
A_full,1MB,1048576,25,t1_t2_encode,1097900
A_full,1MB,1048576,25,t2_t3_write,3053300
A_full,1MB,1048576,25,t3_t4_rename,0
A_full,1MB,1048576,25,t4_t5_audit,38800
A_full,1MB,1048576,25,t5_t6_return,200
A_full,1MB,1048576,25,t0_t6_total,4647500
A_full,1MB,1048576,26,t0_t1_validation,416700
A_full,1MB,1048576,26,t1_t2_encode,1036300
A_full,1MB,1048576,26,t2_t3_write,3562700
A_full,1MB,1048576,26,t3_t4_rename,0
A_full,1MB,1048576,26,t4_t5_audit,41000
A_full,1MB,1048576,26,t5_t6_return,200
A_full,1MB,1048576,26,t0_t6_total,5056900
A_full,1MB,1048576,27,t0_t1_validation,482800
A_full,1MB,1048576,27,t1_t2_encode,1109800
A_full,1MB,1048576,27,t2_t3_write,3004500
A_full,1MB,1048576,27,t3_t4_rename,0
A_full,1MB,1048576,27,t4_t5_audit,38000
A_full,1MB,1048576,27,t5_t6_return,200
A_full,1MB,1048576,27,t0_t6_total,4635300
A_full,1MB,1048576,28,t0_t1_validation,521300
A_full,1MB,1048576,28,t1_t2_encode,1108000
A_full,1MB,1048576,28,t2_t3_write,3979100
A_full,1MB,1048576,28,t3_t4_rename,0
A_full,1MB,1048576,28,t4_t5_audit,38400
A_full,1MB,1048576,28,t5_t6_return,200
A_full,1MB,1048576,28,t0_t6_total,5647000
A_full,1MB,1048576,29,t0_t1_validation,453400
A_full,1MB,1048576,29,t1_t2_encode,888900
A_full,1MB,1048576,29,t2_t3_write,3053200
A_full,1MB,1048576,29,t3_t4_rename,0
A_full,1MB,1048576,29,t4_t5_audit,36600
A_full,1MB,1048576,29,t5_t6_return,3900
A_full,1MB,1048576,29,t0_t6_total,4436000
B_no_audit,1MB,1048576,0,t0_t1_validation,1190800
B_no_audit,1MB,1048576,0,t1_t2_encode,1053200
B_no_audit,1MB,1048576,0,t2_t3_write,24761800
B_no_audit,1MB,1048576,0,t3_t4_rename,0
B_no_audit,1MB,1048576,0,t4_t5_audit,1500
B_no_audit,1MB,1048576,0,t5_t6_return,300
B_no_audit,1MB,1048576,0,t0_t6_total,27007600
B_no_audit,1MB,1048576,1,t0_t1_validation,580200
B_no_audit,1MB,1048576,1,t1_t2_encode,1067000
B_no_audit,1MB,1048576,1,t2_t3_write,4994100
B_no_audit,1MB,1048576,1,t3_t4_rename,0
B_no_audit,1MB,1048576,1,t4_t5_audit,800
B_no_audit,1MB,1048576,1,t5_t6_return,200
B_no_audit,1MB,1048576,1,t0_t6_total,6642300
B_no_audit,1MB,1048576,2,t0_t1_validation,1107600
B_no_audit,1MB,1048576,2,t1_t2_encode,1127300
B_no_audit,1MB,1048576,2,t2_t3_write,4829100
B_no_audit,1MB,1048576,2,t3_t4_rename,0
B_no_audit,1MB,1048576,2,t4_t5_audit,800
B_no_audit,1MB,1048576,2,t5_t6_return,200
B_no_audit,1MB,1048576,2,t0_t6_total,7065000
B_no_audit,1MB,1048576,3,t0_t1_validation,845700
B_no_audit,1MB,1048576,3,t1_t2_encode,1723600
B_no_audit,1MB,1048576,3,t2_t3_write,6862200
B_no_audit,1MB,1048576,3,t3_t4_rename,0
B_no_audit,1MB,1048576,3,t4_t5_audit,800
B_no_audit,1MB,1048576,3,t5_t6_return,200
B_no_audit,1MB,1048576,3,t0_t6_total,9432500
B_no_audit,1MB,1048576,4,t0_t1_validation,6089400
B_no_audit,1MB,1048576,4,t1_t2_encode,2041500
B_no_audit,1MB,1048576,4,t2_t3_write,23472400
B_no_audit,1MB,1048576,4,t3_t4_rename,0
B_no_audit,1MB,1048576,4,t4_t5_audit,2300
B_no_audit,1MB,1048576,4,t5_t6_return,200
B_no_audit,1MB,1048576,4,t0_t6_total,31605800
B_no_audit,1MB,1048576,5,t0_t1_validation,3543500
B_no_audit,1MB,1048576,5,t1_t2_encode,1426900
B_no_audit,1MB,1048576,5,t2_t3_write,6095200
B_no_audit,1MB,1048576,5,t3_t4_rename,0
B_no_audit,1MB,1048576,5,t4_t5_audit,1100
B_no_audit,1MB,1048576,5,t5_t6_return,200
B_no_audit,1MB,1048576,5,t0_t6_total,11066900
B_no_audit,1MB,1048576,6,t0_t1_validation,621100
B_no_audit,1MB,1048576,6,t1_t2_encode,1336400
B_no_audit,1MB,1048576,6,t2_t3_write,7607600
B_no_audit,1MB,1048576,6,t3_t4_rename,0
B_no_audit,1MB,1048576,6,t4_t5_audit,1000
B_no_audit,1MB,1048576,6,t5_t6_return,200
B_no_audit,1MB,1048576,6,t0_t6_total,9566300
B_no_audit,1MB,1048576,7,t0_t1_validation,540700
B_no_audit,1MB,1048576,7,t1_t2_encode,1763400
B_no_audit,1MB,1048576,7,t2_t3_write,4650300
B_no_audit,1MB,1048576,7,t3_t4_rename,0
B_no_audit,1MB,1048576,7,t4_t5_audit,1000
B_no_audit,1MB,1048576,7,t5_t6_return,300
B_no_audit,1MB,1048576,7,t0_t6_total,6955700
B_no_audit,1MB,1048576,8,t0_t1_validation,1043100
B_no_audit,1MB,1048576,8,t1_t2_encode,1007300
B_no_audit,1MB,1048576,8,t2_t3_write,9486000
B_no_audit,1MB,1048576,8,t3_t4_rename,0
B_no_audit,1MB,1048576,8,t4_t5_audit,1100
B_no_audit,1MB,1048576,8,t5_t6_return,200
B_no_audit,1MB,1048576,8,t0_t6_total,11537700
B_no_audit,1MB,1048576,9,t0_t1_validation,611600
B_no_audit,1MB,1048576,9,t1_t2_encode,1069000
B_no_audit,1MB,1048576,9,t2_t3_write,4994100
B_no_audit,1MB,1048576,9,t3_t4_rename,0
B_no_audit,1MB,1048576,9,t4_t5_audit,700
B_no_audit,1MB,1048576,9,t5_t6_return,300
B_no_audit,1MB,1048576,9,t0_t6_total,6675700
B_no_audit,1MB,1048576,10,t0_t1_validation,3345400
B_no_audit,1MB,1048576,10,t1_t2_encode,2375300
B_no_audit,1MB,1048576,10,t2_t3_write,36306500
B_no_audit,1MB,1048576,10,t3_t4_rename,0
B_no_audit,1MB,1048576,10,t4_t5_audit,900
B_no_audit,1MB,1048576,10,t5_t6_return,300
B_no_audit,1MB,1048576,10,t0_t6_total,42028400
B_no_audit,1MB,1048576,11,t0_t1_validation,423000
B_no_audit,1MB,1048576,11,t1_t2_encode,1097700
B_no_audit,1MB,1048576,11,t2_t3_write,6193000
B_no_audit,1MB,1048576,11,t3_t4_rename,0
B_no_audit,1MB,1048576,11,t4_t5_audit,1200
B_no_audit,1MB,1048576,11,t5_t6_return,200
B_no_audit,1MB,1048576,11,t0_t6_total,7715100
B_no_audit,1MB,1048576,12,t0_t1_validation,572900
B_no_audit,1MB,1048576,12,t1_t2_encode,4107600
B_no_audit,1MB,1048576,12,t2_t3_write,5442400
B_no_audit,1MB,1048576,12,t3_t4_rename,0
B_no_audit,1MB,1048576,12,t4_t5_audit,2500
B_no_audit,1MB,1048576,12,t5_t6_return,200
B_no_audit,1MB,1048576,12,t0_t6_total,10125600
B_no_audit,1MB,1048576,13,t0_t1_validation,477100
B_no_audit,1MB,1048576,13,t1_t2_encode,1085800
B_no_audit,1MB,1048576,13,t2_t3_write,6872800
B_no_audit,1MB,1048576,13,t3_t4_rename,0
B_no_audit,1MB,1048576,13,t4_t5_audit,2300
B_no_audit,1MB,1048576,13,t5_t6_return,300
B_no_audit,1MB,1048576,13,t0_t6_total,8438300
B_no_audit,1MB,1048576,14,t0_t1_validation,2943000
B_no_audit,1MB,1048576,14,t1_t2_encode,1064000
B_no_audit,1MB,1048576,14,t2_t3_write,4154600
B_no_audit,1MB,1048576,14,t3_t4_rename,0
B_no_audit,1MB,1048576,14,t4_t5_audit,1300
B_no_audit,1MB,1048576,14,t5_t6_return,200
B_no_audit,1MB,1048576,14,t0_t6_total,8163100
B_no_audit,1MB,1048576,15,t0_t1_validation,675700
B_no_audit,1MB,1048576,15,t1_t2_encode,1115300
B_no_audit,1MB,1048576,15,t2_t3_write,25603700
B_no_audit,1MB,1048576,15,t3_t4_rename,0
B_no_audit,1MB,1048576,15,t4_t5_audit,700
B_no_audit,1MB,1048576,15,t5_t6_return,100
B_no_audit,1MB,1048576,15,t0_t6_total,27395500
B_no_audit,1MB,1048576,16,t0_t1_validation,434500
B_no_audit,1MB,1048576,16,t1_t2_encode,1001000
B_no_audit,1MB,1048576,16,t2_t3_write,3878800
B_no_audit,1MB,1048576,16,t3_t4_rename,0
B_no_audit,1MB,1048576,16,t4_t5_audit,1100
B_no_audit,1MB,1048576,16,t5_t6_return,200
B_no_audit,1MB,1048576,16,t0_t6_total,5315600
B_no_audit,1MB,1048576,17,t0_t1_validation,544600
B_no_audit,1MB,1048576,17,t1_t2_encode,1062200
B_no_audit,1MB,1048576,17,t2_t3_write,3512300
B_no_audit,1MB,1048576,17,t3_t4_rename,0
B_no_audit,1MB,1048576,17,t4_t5_audit,700
B_no_audit,1MB,1048576,17,t5_t6_return,200
B_no_audit,1MB,1048576,17,t0_t6_total,5120000
B_no_audit,1MB,1048576,18,t0_t1_validation,523500
B_no_audit,1MB,1048576,18,t1_t2_encode,1346100
B_no_audit,1MB,1048576,18,t2_t3_write,3844700
B_no_audit,1MB,1048576,18,t3_t4_rename,0
B_no_audit,1MB,1048576,18,t4_t5_audit,1200
B_no_audit,1MB,1048576,18,t5_t6_return,400
B_no_audit,1MB,1048576,18,t0_t6_total,5715900
B_no_audit,1MB,1048576,19,t0_t1_validation,433800
B_no_audit,1MB,1048576,19,t1_t2_encode,1095600
B_no_audit,1MB,1048576,19,t2_t3_write,5597500
B_no_audit,1MB,1048576,19,t3_t4_rename,0
B_no_audit,1MB,1048576,19,t4_t5_audit,1000
B_no_audit,1MB,1048576,19,t5_t6_return,100
B_no_audit,1MB,1048576,19,t0_t6_total,7128000
B_no_audit,1MB,1048576,20,t0_t1_validation,603300
B_no_audit,1MB,1048576,20,t1_t2_encode,1099700
B_no_audit,1MB,1048576,20,t2_t3_write,3636800
B_no_audit,1MB,1048576,20,t3_t4_rename,0
B_no_audit,1MB,1048576,20,t4_t5_audit,500
B_no_audit,1MB,1048576,20,t5_t6_return,200
B_no_audit,1MB,1048576,20,t0_t6_total,5340500
B_no_audit,1MB,1048576,21,t0_t1_validation,1075700
B_no_audit,1MB,1048576,21,t1_t2_encode,1125300
B_no_audit,1MB,1048576,21,t2_t3_write,4381900
B_no_audit,1MB,1048576,21,t3_t4_rename,0
B_no_audit,1MB,1048576,21,t4_t5_audit,1100
B_no_audit,1MB,1048576,21,t5_t6_return,300
B_no_audit,1MB,1048576,21,t0_t6_total,6584300
B_no_audit,1MB,1048576,22,t0_t1_validation,499100
B_no_audit,1MB,1048576,22,t1_t2_encode,1296500
B_no_audit,1MB,1048576,22,t2_t3_write,3598100
B_no_audit,1MB,1048576,22,t3_t4_rename,0
B_no_audit,1MB,1048576,22,t4_t5_audit,800
B_no_audit,1MB,1048576,22,t5_t6_return,200
B_no_audit,1MB,1048576,22,t0_t6_total,5394700
B_no_audit,1MB,1048576,23,t0_t1_validation,611300
B_no_audit,1MB,1048576,23,t1_t2_encode,1087200
B_no_audit,1MB,1048576,23,t2_t3_write,43725700
B_no_audit,1MB,1048576,23,t3_t4_rename,0
B_no_audit,1MB,1048576,23,t4_t5_audit,800
B_no_audit,1MB,1048576,23,t5_t6_return,300
B_no_audit,1MB,1048576,23,t0_t6_total,45425300
B_no_audit,1MB,1048576,24,t0_t1_validation,518500
B_no_audit,1MB,1048576,24,t1_t2_encode,1319300
B_no_audit,1MB,1048576,24,t2_t3_write,4737300
B_no_audit,1MB,1048576,24,t3_t4_rename,0
B_no_audit,1MB,1048576,24,t4_t5_audit,1000
B_no_audit,1MB,1048576,24,t5_t6_return,200
B_no_audit,1MB,1048576,24,t0_t6_total,6576300
B_no_audit,1MB,1048576,25,t0_t1_validation,545900
B_no_audit,1MB,1048576,25,t1_t2_encode,1398300
B_no_audit,1MB,1048576,25,t2_t3_write,4919800
B_no_audit,1MB,1048576,25,t3_t4_rename,0
B_no_audit,1MB,1048576,25,t4_t5_audit,1400
B_no_audit,1MB,1048576,25,t5_t6_return,200
B_no_audit,1MB,1048576,25,t0_t6_total,6865600
B_no_audit,1MB,1048576,26,t0_t1_validation,548300
B_no_audit,1MB,1048576,26,t1_t2_encode,1072400
B_no_audit,1MB,1048576,26,t2_t3_write,3680400
B_no_audit,1MB,1048576,26,t3_t4_rename,0
B_no_audit,1MB,1048576,26,t4_t5_audit,1000
B_no_audit,1MB,1048576,26,t5_t6_return,300
B_no_audit,1MB,1048576,26,t0_t6_total,5302400
B_no_audit,1MB,1048576,27,t0_t1_validation,602500
B_no_audit,1MB,1048576,27,t1_t2_encode,1090900
B_no_audit,1MB,1048576,27,t2_t3_write,4043200
B_no_audit,1MB,1048576,27,t3_t4_rename,0
B_no_audit,1MB,1048576,27,t4_t5_audit,900
B_no_audit,1MB,1048576,27,t5_t6_return,200
B_no_audit,1MB,1048576,27,t0_t6_total,5737700
B_no_audit,1MB,1048576,28,t0_t1_validation,1001400
B_no_audit,1MB,1048576,28,t1_t2_encode,1926400
B_no_audit,1MB,1048576,28,t2_t3_write,5266900
B_no_audit,1MB,1048576,28,t3_t4_rename,0
B_no_audit,1MB,1048576,28,t4_t5_audit,700
B_no_audit,1MB,1048576,28,t5_t6_return,300
B_no_audit,1MB,1048576,28,t0_t6_total,8195700
B_no_audit,1MB,1048576,29,t0_t1_validation,561500
B_no_audit,1MB,1048576,29,t1_t2_encode,1170000
B_no_audit,1MB,1048576,29,t2_t3_write,3711000
B_no_audit,1MB,1048576,29,t3_t4_rename,0
B_no_audit,1MB,1048576,29,t4_t5_audit,600
B_no_audit,1MB,1048576,29,t5_t6_return,200
B_no_audit,1MB,1048576,29,t0_t6_total,5443300
C_raw,1MB,1048576,0,t0_t1_validation,1717100
C_raw,1MB,1048576,0,t1_t2_encode,1094700
C_raw,1MB,1048576,0,t2_t3_write,1695700
C_raw,1MB,1048576,0,t3_t4_rename,0
C_raw,1MB,1048576,0,t4_t5_audit,0
C_raw,1MB,1048576,0,t5_t6_return,0
C_raw,1MB,1048576,0,t0_t6_total,4507500
C_raw,1MB,1048576,1,t0_t1_validation,492700
C_raw,1MB,1048576,1,t1_t2_encode,3136200
C_raw,1MB,1048576,1,t2_t3_write,1424300
C_raw,1MB,1048576,1,t3_t4_rename,0
C_raw,1MB,1048576,1,t4_t5_audit,0
C_raw,1MB,1048576,1,t5_t6_return,0
C_raw,1MB,1048576,1,t0_t6_total,5053200
C_raw,1MB,1048576,2,t0_t1_validation,623800
C_raw,1MB,1048576,2,t1_t2_encode,1978100
C_raw,1MB,1048576,2,t2_t3_write,1413300
C_raw,1MB,1048576,2,t3_t4_rename,0
C_raw,1MB,1048576,2,t4_t5_audit,0
C_raw,1MB,1048576,2,t5_t6_return,0
C_raw,1MB,1048576,2,t0_t6_total,4015200
C_raw,1MB,1048576,3,t0_t1_validation,480800
C_raw,1MB,1048576,3,t1_t2_encode,1003900
C_raw,1MB,1048576,3,t2_t3_write,1235400
C_raw,1MB,1048576,3,t3_t4_rename,0
C_raw,1MB,1048576,3,t4_t5_audit,0
C_raw,1MB,1048576,3,t5_t6_return,0
C_raw,1MB,1048576,3,t0_t6_total,2720100
C_raw,1MB,1048576,4,t0_t1_validation,632900
C_raw,1MB,1048576,4,t1_t2_encode,1133900
C_raw,1MB,1048576,4,t2_t3_write,1523500
C_raw,1MB,1048576,4,t3_t4_rename,0
C_raw,1MB,1048576,4,t4_t5_audit,0
C_raw,1MB,1048576,4,t5_t6_return,0
C_raw,1MB,1048576,4,t0_t6_total,3290300
C_raw,1MB,1048576,5,t0_t1_validation,454600
C_raw,1MB,1048576,5,t1_t2_encode,1051500
C_raw,1MB,1048576,5,t2_t3_write,1830100
C_raw,1MB,1048576,5,t3_t4_rename,0
C_raw,1MB,1048576,5,t4_t5_audit,0
C_raw,1MB,1048576,5,t5_t6_return,0
C_raw,1MB,1048576,5,t0_t6_total,3336200
C_raw,1MB,1048576,6,t0_t1_validation,661700
C_raw,1MB,1048576,6,t1_t2_encode,1423800
C_raw,1MB,1048576,6,t2_t3_write,3483300
C_raw,1MB,1048576,6,t3_t4_rename,0
C_raw,1MB,1048576,6,t4_t5_audit,0
C_raw,1MB,1048576,6,t5_t6_return,0
C_raw,1MB,1048576,6,t0_t6_total,5568800
C_raw,1MB,1048576,7,t0_t1_validation,750200
C_raw,1MB,1048576,7,t1_t2_encode,1273300
C_raw,1MB,1048576,7,t2_t3_write,1558400
C_raw,1MB,1048576,7,t3_t4_rename,0
C_raw,1MB,1048576,7,t4_t5_audit,0
C_raw,1MB,1048576,7,t5_t6_return,0
C_raw,1MB,1048576,7,t0_t6_total,3581900
C_raw,1MB,1048576,8,t0_t1_validation,648800
C_raw,1MB,1048576,8,t1_t2_encode,1262300
C_raw,1MB,1048576,8,t2_t3_write,3115000
C_raw,1MB,1048576,8,t3_t4_rename,0
C_raw,1MB,1048576,8,t4_t5_audit,0
C_raw,1MB,1048576,8,t5_t6_return,0
C_raw,1MB,1048576,8,t0_t6_total,5026100
C_raw,1MB,1048576,9,t0_t1_validation,617200
C_raw,1MB,1048576,9,t1_t2_encode,1121400
C_raw,1MB,1048576,9,t2_t3_write,2216800
C_raw,1MB,1048576,9,t3_t4_rename,0
C_raw,1MB,1048576,9,t4_t5_audit,0
C_raw,1MB,1048576,9,t5_t6_return,0
C_raw,1MB,1048576,9,t0_t6_total,3955400
C_raw,1MB,1048576,10,t0_t1_validation,728300
C_raw,1MB,1048576,10,t1_t2_encode,1131700
C_raw,1MB,1048576,10,t2_t3_write,4188200
C_raw,1MB,1048576,10,t3_t4_rename,0
C_raw,1MB,1048576,10,t4_t5_audit,0
C_raw,1MB,1048576,10,t5_t6_return,0
C_raw,1MB,1048576,10,t0_t6_total,6048200
C_raw,1MB,1048576,11,t0_t1_validation,590800
C_raw,1MB,1048576,11,t1_t2_encode,1436300
C_raw,1MB,1048576,11,t2_t3_write,1051400
C_raw,1MB,1048576,11,t3_t4_rename,0
C_raw,1MB,1048576,11,t4_t5_audit,0
C_raw,1MB,1048576,11,t5_t6_return,0
C_raw,1MB,1048576,11,t0_t6_total,3078500
C_raw,1MB,1048576,12,t0_t1_validation,564300
C_raw,1MB,1048576,12,t1_t2_encode,1426100
C_raw,1MB,1048576,12,t2_t3_write,2473500
C_raw,1MB,1048576,12,t3_t4_rename,0
C_raw,1MB,1048576,12,t4_t5_audit,0
C_raw,1MB,1048576,12,t5_t6_return,0
C_raw,1MB,1048576,12,t0_t6_total,4463900
C_raw,1MB,1048576,13,t0_t1_validation,609300
C_raw,1MB,1048576,13,t1_t2_encode,1050500
C_raw,1MB,1048576,13,t2_t3_write,891800
C_raw,1MB,1048576,13,t3_t4_rename,0
C_raw,1MB,1048576,13,t4_t5_audit,0
C_raw,1MB,1048576,13,t5_t6_return,0
C_raw,1MB,1048576,13,t0_t6_total,2551600
C_raw,1MB,1048576,14,t0_t1_validation,358100
C_raw,1MB,1048576,14,t1_t2_encode,1075800
C_raw,1MB,1048576,14,t2_t3_write,1599100
C_raw,1MB,1048576,14,t3_t4_rename,0
C_raw,1MB,1048576,14,t4_t5_audit,0
C_raw,1MB,1048576,14,t5_t6_return,0
C_raw,1MB,1048576,14,t0_t6_total,3033000
C_raw,1MB,1048576,15,t0_t1_validation,651200
C_raw,1MB,1048576,15,t1_t2_encode,1238500
C_raw,1MB,1048576,15,t2_t3_write,1139800
C_raw,1MB,1048576,15,t3_t4_rename,0
C_raw,1MB,1048576,15,t4_t5_audit,0
C_raw,1MB,1048576,15,t5_t6_return,0
C_raw,1MB,1048576,15,t0_t6_total,3029500
C_raw,1MB,1048576,16,t0_t1_validation,519700
C_raw,1MB,1048576,16,t1_t2_encode,893100
C_raw,1MB,1048576,16,t2_t3_write,1461300
C_raw,1MB,1048576,16,t3_t4_rename,0
C_raw,1MB,1048576,16,t4_t5_audit,0
C_raw,1MB,1048576,16,t5_t6_return,0
C_raw,1MB,1048576,16,t0_t6_total,2874100
C_raw,1MB,1048576,17,t0_t1_validation,389100
C_raw,1MB,1048576,17,t1_t2_encode,966600
C_raw,1MB,1048576,17,t2_t3_write,1088600
C_raw,1MB,1048576,17,t3_t4_rename,0
C_raw,1MB,1048576,17,t4_t5_audit,0
C_raw,1MB,1048576,17,t5_t6_return,0
C_raw,1MB,1048576,17,t0_t6_total,2444300
C_raw,1MB,1048576,18,t0_t1_validation,386500
C_raw,1MB,1048576,18,t1_t2_encode,942500
C_raw,1MB,1048576,18,t2_t3_write,1330700
C_raw,1MB,1048576,18,t3_t4_rename,0
C_raw,1MB,1048576,18,t4_t5_audit,0
C_raw,1MB,1048576,18,t5_t6_return,0
C_raw,1MB,1048576,18,t0_t6_total,2659700
C_raw,1MB,1048576,19,t0_t1_validation,465700
C_raw,1MB,1048576,19,t1_t2_encode,992000
C_raw,1MB,1048576,19,t2_t3_write,1020600
C_raw,1MB,1048576,19,t3_t4_rename,0
C_raw,1MB,1048576,19,t4_t5_audit,0
C_raw,1MB,1048576,19,t5_t6_return,0
C_raw,1MB,1048576,19,t0_t6_total,2478300
C_raw,1MB,1048576,20,t0_t1_validation,467600
C_raw,1MB,1048576,20,t1_t2_encode,848400
C_raw,1MB,1048576,20,t2_t3_write,1582500
C_raw,1MB,1048576,20,t3_t4_rename,0
C_raw,1MB,1048576,20,t4_t5_audit,0
C_raw,1MB,1048576,20,t5_t6_return,0
C_raw,1MB,1048576,20,t0_t6_total,2898500
C_raw,1MB,1048576,21,t0_t1_validation,471700
C_raw,1MB,1048576,21,t1_t2_encode,885700
C_raw,1MB,1048576,21,t2_t3_write,819600
C_raw,1MB,1048576,21,t3_t4_rename,0
C_raw,1MB,1048576,21,t4_t5_audit,0
C_raw,1MB,1048576,21,t5_t6_return,0
C_raw,1MB,1048576,21,t0_t6_total,2177000
C_raw,1MB,1048576,22,t0_t1_validation,434200
C_raw,1MB,1048576,22,t1_t2_encode,1103700
C_raw,1MB,1048576,22,t2_t3_write,1045500
C_raw,1MB,1048576,22,t3_t4_rename,0
C_raw,1MB,1048576,22,t4_t5_audit,0
C_raw,1MB,1048576,22,t5_t6_return,0
C_raw,1MB,1048576,22,t0_t6_total,2583400
C_raw,1MB,1048576,23,t0_t1_validation,431900
C_raw,1MB,1048576,23,t1_t2_encode,1074600
C_raw,1MB,1048576,23,t2_t3_write,1396500
C_raw,1MB,1048576,23,t3_t4_rename,0
C_raw,1MB,1048576,23,t4_t5_audit,0
C_raw,1MB,1048576,23,t5_t6_return,0
C_raw,1MB,1048576,23,t0_t6_total,2903000
C_raw,1MB,1048576,24,t0_t1_validation,567400
C_raw,1MB,1048576,24,t1_t2_encode,1083600
C_raw,1MB,1048576,24,t2_t3_write,1210800
C_raw,1MB,1048576,24,t3_t4_rename,0
C_raw,1MB,1048576,24,t4_t5_audit,0
C_raw,1MB,1048576,24,t5_t6_return,0
C_raw,1MB,1048576,24,t0_t6_total,2861800
C_raw,1MB,1048576,25,t0_t1_validation,338700
C_raw,1MB,1048576,25,t1_t2_encode,1059500
C_raw,1MB,1048576,25,t2_t3_write,821700
C_raw,1MB,1048576,25,t3_t4_rename,0
C_raw,1MB,1048576,25,t4_t5_audit,0
C_raw,1MB,1048576,25,t5_t6_return,0
C_raw,1MB,1048576,25,t0_t6_total,2219900
C_raw,1MB,1048576,26,t0_t1_validation,402500
C_raw,1MB,1048576,26,t1_t2_encode,1040000
C_raw,1MB,1048576,26,t2_t3_write,1088900
C_raw,1MB,1048576,26,t3_t4_rename,0
C_raw,1MB,1048576,26,t4_t5_audit,0
C_raw,1MB,1048576,26,t5_t6_return,0
C_raw,1MB,1048576,26,t0_t6_total,2531400
C_raw,1MB,1048576,27,t0_t1_validation,446400
C_raw,1MB,1048576,27,t1_t2_encode,1130700
C_raw,1MB,1048576,27,t2_t3_write,1200800
C_raw,1MB,1048576,27,t3_t4_rename,0
C_raw,1MB,1048576,27,t4_t5_audit,0
C_raw,1MB,1048576,27,t5_t6_return,0
C_raw,1MB,1048576,27,t0_t6_total,2777900
C_raw,1MB,1048576,28,t0_t1_validation,470800
C_raw,1MB,1048576,28,t1_t2_encode,800600
C_raw,1MB,1048576,28,t2_t3_write,1706800
C_raw,1MB,1048576,28,t3_t4_rename,0
C_raw,1MB,1048576,28,t4_t5_audit,0
C_raw,1MB,1048576,28,t5_t6_return,0
C_raw,1MB,1048576,28,t0_t6_total,2978200
C_raw,1MB,1048576,29,t0_t1_validation,637200
C_raw,1MB,1048576,29,t1_t2_encode,845200
C_raw,1MB,1048576,29,t2_t3_write,825700
C_raw,1MB,1048576,29,t3_t4_rename,0
C_raw,1MB,1048576,29,t4_t5_audit,0
C_raw,1MB,1048576,29,t5_t6_return,0
C_raw,1MB,1048576,29,t0_t6_total,2308100
A_full,10MB,10485760,0,t0_t1_validation,540300
A_full,10MB,10485760,0,t1_t2_encode,9000100
A_full,10MB,10485760,0,t2_t3_write,15756300
A_full,10MB,10485760,0,t3_t4_rename,0
A_full,10MB,10485760,0,t4_t5_audit,53100
A_full,10MB,10485760,0,t5_t6_return,300
A_full,10MB,10485760,0,t0_t6_total,25350100
A_full,10MB,10485760,1,t0_t1_validation,568200
A_full,10MB,10485760,1,t1_t2_encode,9089500
A_full,10MB,10485760,1,t2_t3_write,14356500
A_full,10MB,10485760,1,t3_t4_rename,0
A_full,10MB,10485760,1,t4_t5_audit,42000
A_full,10MB,10485760,1,t5_t6_return,300
A_full,10MB,10485760,1,t0_t6_total,24056500
A_full,10MB,10485760,2,t0_t1_validation,678300
A_full,10MB,10485760,2,t1_t2_encode,9977800
A_full,10MB,10485760,2,t2_t3_write,14307200
A_full,10MB,10485760,2,t3_t4_rename,0
A_full,10MB,10485760,2,t4_t5_audit,43700
A_full,10MB,10485760,2,t5_t6_return,300
A_full,10MB,10485760,2,t0_t6_total,25007300
A_full,10MB,10485760,3,t0_t1_validation,387400
A_full,10MB,10485760,3,t1_t2_encode,8756800
A_full,10MB,10485760,3,t2_t3_write,14983700
A_full,10MB,10485760,3,t3_t4_rename,0
A_full,10MB,10485760,3,t4_t5_audit,41300
A_full,10MB,10485760,3,t5_t6_return,200
A_full,10MB,10485760,3,t0_t6_total,24169400
A_full,10MB,10485760,4,t0_t1_validation,488600
A_full,10MB,10485760,4,t1_t2_encode,8033700
A_full,10MB,10485760,4,t2_t3_write,14626800
A_full,10MB,10485760,4,t3_t4_rename,0
A_full,10MB,10485760,4,t4_t5_audit,33700
A_full,10MB,10485760,4,t5_t6_return,200
A_full,10MB,10485760,4,t0_t6_total,23183000
A_full,10MB,10485760,5,t0_t1_validation,380200
A_full,10MB,10485760,5,t1_t2_encode,7709700
A_full,10MB,10485760,5,t2_t3_write,13646800
A_full,10MB,10485760,5,t3_t4_rename,0
A_full,10MB,10485760,5,t4_t5_audit,61600
A_full,10MB,10485760,5,t5_t6_return,200
A_full,10MB,10485760,5,t0_t6_total,21798500
A_full,10MB,10485760,6,t0_t1_validation,546000
A_full,10MB,10485760,6,t1_t2_encode,9030800
A_full,10MB,10485760,6,t2_t3_write,13876000
A_full,10MB,10485760,6,t3_t4_rename,0
A_full,10MB,10485760,6,t4_t5_audit,46700
A_full,10MB,10485760,6,t5_t6_return,300
A_full,10MB,10485760,6,t0_t6_total,23499800
A_full,10MB,10485760,7,t0_t1_validation,399800
A_full,10MB,10485760,7,t1_t2_encode,8507300
A_full,10MB,10485760,7,t2_t3_write,14487100
A_full,10MB,10485760,7,t3_t4_rename,0
A_full,10MB,10485760,7,t4_t5_audit,35500
A_full,10MB,10485760,7,t5_t6_return,200
A_full,10MB,10485760,7,t0_t6_total,23429900
A_full,10MB,10485760,8,t0_t1_validation,419000
A_full,10MB,10485760,8,t1_t2_encode,8744500
A_full,10MB,10485760,8,t2_t3_write,13903300
A_full,10MB,10485760,8,t3_t4_rename,0
A_full,10MB,10485760,8,t4_t5_audit,38200
A_full,10MB,10485760,8,t5_t6_return,300
A_full,10MB,10485760,8,t0_t6_total,23105300
A_full,10MB,10485760,9,t0_t1_validation,501700
A_full,10MB,10485760,9,t1_t2_encode,7978400
A_full,10MB,10485760,9,t2_t3_write,14982600
A_full,10MB,10485760,9,t3_t4_rename,0
A_full,10MB,10485760,9,t4_t5_audit,43500
A_full,10MB,10485760,9,t5_t6_return,100
A_full,10MB,10485760,9,t0_t6_total,23506300
A_full,10MB,10485760,10,t0_t1_validation,464000
A_full,10MB,10485760,10,t1_t2_encode,9172600
A_full,10MB,10485760,10,t2_t3_write,17729400
A_full,10MB,10485760,10,t3_t4_rename,0
A_full,10MB,10485760,10,t4_t5_audit,35400
A_full,10MB,10485760,10,t5_t6_return,100
A_full,10MB,10485760,10,t0_t6_total,27401500
A_full,10MB,10485760,11,t0_t1_validation,378400
A_full,10MB,10485760,11,t1_t2_encode,8963000
A_full,10MB,10485760,11,t2_t3_write,17146900
A_full,10MB,10485760,11,t3_t4_rename,0
A_full,10MB,10485760,11,t4_t5_audit,48200
A_full,10MB,10485760,11,t5_t6_return,100
A_full,10MB,10485760,11,t0_t6_total,26536600
A_full,10MB,10485760,12,t0_t1_validation,728800
A_full,10MB,10485760,12,t1_t2_encode,9942800
A_full,10MB,10485760,12,t2_t3_write,17294800
A_full,10MB,10485760,12,t3_t4_rename,0
A_full,10MB,10485760,12,t4_t5_audit,42200
A_full,10MB,10485760,12,t5_t6_return,200
A_full,10MB,10485760,12,t0_t6_total,28008800
A_full,10MB,10485760,13,t0_t1_validation,489500
A_full,10MB,10485760,13,t1_t2_encode,7849200
A_full,10MB,10485760,13,t2_t3_write,28971400
A_full,10MB,10485760,13,t3_t4_rename,0
A_full,10MB,10485760,13,t4_t5_audit,57100
A_full,10MB,10485760,13,t5_t6_return,400
A_full,10MB,10485760,13,t0_t6_total,37367600
A_full,10MB,10485760,14,t0_t1_validation,777300
A_full,10MB,10485760,14,t1_t2_encode,16370200
A_full,10MB,10485760,14,t2_t3_write,20418300
A_full,10MB,10485760,14,t3_t4_rename,0
A_full,10MB,10485760,14,t4_t5_audit,36800
A_full,10MB,10485760,14,t5_t6_return,100
A_full,10MB,10485760,14,t0_t6_total,37602700
A_full,10MB,10485760,15,t0_t1_validation,383500
A_full,10MB,10485760,15,t1_t2_encode,10721300
A_full,10MB,10485760,15,t2_t3_write,17677600
A_full,10MB,10485760,15,t3_t4_rename,0
A_full,10MB,10485760,15,t4_t5_audit,62500
A_full,10MB,10485760,15,t5_t6_return,400
A_full,10MB,10485760,15,t0_t6_total,28845300
A_full,10MB,10485760,16,t0_t1_validation,651300
A_full,10MB,10485760,16,t1_t2_encode,14871100
A_full,10MB,10485760,16,t2_t3_write,20295800
A_full,10MB,10485760,16,t3_t4_rename,0
A_full,10MB,10485760,16,t4_t5_audit,101100
A_full,10MB,10485760,16,t5_t6_return,500
A_full,10MB,10485760,16,t0_t6_total,35919800
A_full,10MB,10485760,17,t0_t1_validation,811600
A_full,10MB,10485760,17,t1_t2_encode,10750100
A_full,10MB,10485760,17,t2_t3_write,18380500
A_full,10MB,10485760,17,t3_t4_rename,0
A_full,10MB,10485760,17,t4_t5_audit,40000
A_full,10MB,10485760,17,t5_t6_return,100
A_full,10MB,10485760,17,t0_t6_total,29982300
A_full,10MB,10485760,18,t0_t1_validation,454800
A_full,10MB,10485760,18,t1_t2_encode,8300700
A_full,10MB,10485760,18,t2_t3_write,19401200
A_full,10MB,10485760,18,t3_t4_rename,0
A_full,10MB,10485760,18,t4_t5_audit,55200
A_full,10MB,10485760,18,t5_t6_return,400
A_full,10MB,10485760,18,t0_t6_total,28212300
A_full,10MB,10485760,19,t0_t1_validation,720800
A_full,10MB,10485760,19,t1_t2_encode,15985400
A_full,10MB,10485760,19,t2_t3_write,21863300
A_full,10MB,10485760,19,t3_t4_rename,0
A_full,10MB,10485760,19,t4_t5_audit,54800
A_full,10MB,10485760,19,t5_t6_return,200
A_full,10MB,10485760,19,t0_t6_total,38624500
A_full,10MB,10485760,20,t0_t1_validation,591500
A_full,10MB,10485760,20,t1_t2_encode,11236400
A_full,10MB,10485760,20,t2_t3_write,29706900
A_full,10MB,10485760,20,t3_t4_rename,0
A_full,10MB,10485760,20,t4_t5_audit,39300
A_full,10MB,10485760,20,t5_t6_return,200
A_full,10MB,10485760,20,t0_t6_total,41574300
A_full,10MB,10485760,21,t0_t1_validation,531500
A_full,10MB,10485760,21,t1_t2_encode,9205500
A_full,10MB,10485760,21,t2_t3_write,15712200
A_full,10MB,10485760,21,t3_t4_rename,0
A_full,10MB,10485760,21,t4_t5_audit,63800
A_full,10MB,10485760,21,t5_t6_return,300
A_full,10MB,10485760,21,t0_t6_total,25513300
A_full,10MB,10485760,22,t0_t1_validation,454200
A_full,10MB,10485760,22,t1_t2_encode,9656500
A_full,10MB,10485760,22,t2_t3_write,14382800
A_full,10MB,10485760,22,t3_t4_rename,0
A_full,10MB,10485760,22,t4_t5_audit,36300
A_full,10MB,10485760,22,t5_t6_return,200
A_full,10MB,10485760,22,t0_t6_total,24530000
A_full,10MB,10485760,23,t0_t1_validation,494400
A_full,10MB,10485760,23,t1_t2_encode,9191100
A_full,10MB,10485760,23,t2_t3_write,18742000
A_full,10MB,10485760,23,t3_t4_rename,0
A_full,10MB,10485760,23,t4_t5_audit,57600
A_full,10MB,10485760,23,t5_t6_return,400
A_full,10MB,10485760,23,t0_t6_total,28485500
A_full,10MB,10485760,24,t0_t1_validation,698200
A_full,10MB,10485760,24,t1_t2_encode,14347200
A_full,10MB,10485760,24,t2_t3_write,21190700
A_full,10MB,10485760,24,t3_t4_rename,0
A_full,10MB,10485760,24,t4_t5_audit,41400
A_full,10MB,10485760,24,t5_t6_return,200
A_full,10MB,10485760,24,t0_t6_total,36277700
A_full,10MB,10485760,25,t0_t1_validation,519400
A_full,10MB,10485760,25,t1_t2_encode,12773200
A_full,10MB,10485760,25,t2_t3_write,28862800
A_full,10MB,10485760,25,t3_t4_rename,0
A_full,10MB,10485760,25,t4_t5_audit,52000
A_full,10MB,10485760,25,t5_t6_return,300
A_full,10MB,10485760,25,t0_t6_total,42207700
A_full,10MB,10485760,26,t0_t1_validation,923700
A_full,10MB,10485760,26,t1_t2_encode,15645200
A_full,10MB,10485760,26,t2_t3_write,20586700
A_full,10MB,10485760,26,t3_t4_rename,0
A_full,10MB,10485760,26,t4_t5_audit,46900
A_full,10MB,10485760,26,t5_t6_return,100
A_full,10MB,10485760,26,t0_t6_total,37202600
A_full,10MB,10485760,27,t0_t1_validation,495100
A_full,10MB,10485760,27,t1_t2_encode,10823900
A_full,10MB,10485760,27,t2_t3_write,19367200
A_full,10MB,10485760,27,t3_t4_rename,0
A_full,10MB,10485760,27,t4_t5_audit,58800
A_full,10MB,10485760,27,t5_t6_return,200
A_full,10MB,10485760,27,t0_t6_total,30745200
A_full,10MB,10485760,28,t0_t1_validation,567400
A_full,10MB,10485760,28,t1_t2_encode,14194000
A_full,10MB,10485760,28,t2_t3_write,21135400
A_full,10MB,10485760,28,t3_t4_rename,0
A_full,10MB,10485760,28,t4_t5_audit,121400
A_full,10MB,10485760,28,t5_t6_return,500
A_full,10MB,10485760,28,t0_t6_total,36018700
A_full,10MB,10485760,29,t0_t1_validation,793500
A_full,10MB,10485760,29,t1_t2_encode,11542000
A_full,10MB,10485760,29,t2_t3_write,17480000
A_full,10MB,10485760,29,t3_t4_rename,0
A_full,10MB,10485760,29,t4_t5_audit,61300
A_full,10MB,10485760,29,t5_t6_return,300
A_full,10MB,10485760,29,t0_t6_total,29877100
B_no_audit,10MB,10485760,0,t0_t1_validation,326800
B_no_audit,10MB,10485760,0,t1_t2_encode,11670700
B_no_audit,10MB,10485760,0,t2_t3_write,16575100
B_no_audit,10MB,10485760,0,t3_t4_rename,0
B_no_audit,10MB,10485760,0,t4_t5_audit,1000
B_no_audit,10MB,10485760,0,t5_t6_return,300
B_no_audit,10MB,10485760,0,t0_t6_total,28573900
B_no_audit,10MB,10485760,1,t0_t1_validation,662700
B_no_audit,10MB,10485760,1,t1_t2_encode,13623800
B_no_audit,10MB,10485760,1,t2_t3_write,15242200
B_no_audit,10MB,10485760,1,t3_t4_rename,0
B_no_audit,10MB,10485760,1,t4_t5_audit,1100
B_no_audit,10MB,10485760,1,t5_t6_return,400
B_no_audit,10MB,10485760,1,t0_t6_total,29530200
B_no_audit,10MB,10485760,2,t0_t1_validation,414300
B_no_audit,10MB,10485760,2,t1_t2_encode,12737500
B_no_audit,10MB,10485760,2,t2_t3_write,14402400
B_no_audit,10MB,10485760,2,t3_t4_rename,0
B_no_audit,10MB,10485760,2,t4_t5_audit,600
B_no_audit,10MB,10485760,2,t5_t6_return,100
B_no_audit,10MB,10485760,2,t0_t6_total,27554900
B_no_audit,10MB,10485760,3,t0_t1_validation,586800
B_no_audit,10MB,10485760,3,t1_t2_encode,8360600
B_no_audit,10MB,10485760,3,t2_t3_write,21184400
B_no_audit,10MB,10485760,3,t3_t4_rename,0
B_no_audit,10MB,10485760,3,t4_t5_audit,1700
B_no_audit,10MB,10485760,3,t5_t6_return,300
B_no_audit,10MB,10485760,3,t0_t6_total,30133800
B_no_audit,10MB,10485760,4,t0_t1_validation,705000
B_no_audit,10MB,10485760,4,t1_t2_encode,13317900
B_no_audit,10MB,10485760,4,t2_t3_write,21416200
B_no_audit,10MB,10485760,4,t3_t4_rename,0
B_no_audit,10MB,10485760,4,t4_t5_audit,1800
B_no_audit,10MB,10485760,4,t5_t6_return,400
B_no_audit,10MB,10485760,4,t0_t6_total,35441300
B_no_audit,10MB,10485760,5,t0_t1_validation,792100
B_no_audit,10MB,10485760,5,t1_t2_encode,10643900
B_no_audit,10MB,10485760,5,t2_t3_write,23170100
B_no_audit,10MB,10485760,5,t3_t4_rename,0
B_no_audit,10MB,10485760,5,t4_t5_audit,1500
B_no_audit,10MB,10485760,5,t5_t6_return,400
B_no_audit,10MB,10485760,5,t0_t6_total,34608000
B_no_audit,10MB,10485760,6,t0_t1_validation,724900
B_no_audit,10MB,10485760,6,t1_t2_encode,13541300
B_no_audit,10MB,10485760,6,t2_t3_write,19408900
B_no_audit,10MB,10485760,6,t3_t4_rename,0
B_no_audit,10MB,10485760,6,t4_t5_audit,700
B_no_audit,10MB,10485760,6,t5_t6_return,100
B_no_audit,10MB,10485760,6,t0_t6_total,33675900
B_no_audit,10MB,10485760,7,t0_t1_validation,530900
B_no_audit,10MB,10485760,7,t1_t2_encode,11843500
B_no_audit,10MB,10485760,7,t2_t3_write,17924000
B_no_audit,10MB,10485760,7,t3_t4_rename,0
B_no_audit,10MB,10485760,7,t4_t5_audit,1600
B_no_audit,10MB,10485760,7,t5_t6_return,800
B_no_audit,10MB,10485760,7,t0_t6_total,30300800
B_no_audit,10MB,10485760,8,t0_t1_validation,676400
B_no_audit,10MB,10485760,8,t1_t2_encode,12377900
B_no_audit,10MB,10485760,8,t2_t3_write,21393100
B_no_audit,10MB,10485760,8,t3_t4_rename,0
B_no_audit,10MB,10485760,8,t4_t5_audit,900
B_no_audit,10MB,10485760,8,t5_t6_return,400
B_no_audit,10MB,10485760,8,t0_t6_total,34448700
B_no_audit,10MB,10485760,9,t0_t1_validation,776100
B_no_audit,10MB,10485760,9,t1_t2_encode,16553200
B_no_audit,10MB,10485760,9,t2_t3_write,22763200
B_no_audit,10MB,10485760,9,t3_t4_rename,0
B_no_audit,10MB,10485760,9,t4_t5_audit,1100
B_no_audit,10MB,10485760,9,t5_t6_return,300
B_no_audit,10MB,10485760,9,t0_t6_total,40093900
B_no_audit,10MB,10485760,10,t0_t1_validation,943000
B_no_audit,10MB,10485760,10,t1_t2_encode,16260600
B_no_audit,10MB,10485760,10,t2_t3_write,20993300
B_no_audit,10MB,10485760,10,t3_t4_rename,0
B_no_audit,10MB,10485760,10,t4_t5_audit,2000
B_no_audit,10MB,10485760,10,t5_t6_return,300
B_no_audit,10MB,10485760,10,t0_t6_total,38199200
B_no_audit,10MB,10485760,11,t0_t1_validation,794400
B_no_audit,10MB,10485760,11,t1_t2_encode,20106900
B_no_audit,10MB,10485760,11,t2_t3_write,22948600
B_no_audit,10MB,10485760,11,t3_t4_rename,0
B_no_audit,10MB,10485760,11,t4_t5_audit,1600
B_no_audit,10MB,10485760,11,t5_t6_return,200
B_no_audit,10MB,10485760,11,t0_t6_total,43851700
B_no_audit,10MB,10485760,12,t0_t1_validation,598800
B_no_audit,10MB,10485760,12,t1_t2_encode,13770400
B_no_audit,10MB,10485760,12,t2_t3_write,14871600
B_no_audit,10MB,10485760,12,t3_t4_rename,0
B_no_audit,10MB,10485760,12,t4_t5_audit,1100
B_no_audit,10MB,10485760,12,t5_t6_return,200
B_no_audit,10MB,10485760,12,t0_t6_total,29242100
B_no_audit,10MB,10485760,13,t0_t1_validation,530400
B_no_audit,10MB,10485760,13,t1_t2_encode,13218300
B_no_audit,10MB,10485760,13,t2_t3_write,23165000
B_no_audit,10MB,10485760,13,t3_t4_rename,0
B_no_audit,10MB,10485760,13,t4_t5_audit,700
B_no_audit,10MB,10485760,13,t5_t6_return,200
B_no_audit,10MB,10485760,13,t0_t6_total,36914600
B_no_audit,10MB,10485760,14,t0_t1_validation,660900
B_no_audit,10MB,10485760,14,t1_t2_encode,16665100
B_no_audit,10MB,10485760,14,t2_t3_write,39229200
B_no_audit,10MB,10485760,14,t3_t4_rename,0
B_no_audit,10MB,10485760,14,t4_t5_audit,800
B_no_audit,10MB,10485760,14,t5_t6_return,300
B_no_audit,10MB,10485760,14,t0_t6_total,56556300
B_no_audit,10MB,10485760,15,t0_t1_validation,597800
B_no_audit,10MB,10485760,15,t1_t2_encode,15848700
B_no_audit,10MB,10485760,15,t2_t3_write,21217000
B_no_audit,10MB,10485760,15,t3_t4_rename,0
B_no_audit,10MB,10485760,15,t4_t5_audit,800
B_no_audit,10MB,10485760,15,t5_t6_return,100
B_no_audit,10MB,10485760,15,t0_t6_total,37664400
B_no_audit,10MB,10485760,16,t0_t1_validation,410000
B_no_audit,10MB,10485760,16,t1_t2_encode,11671200
B_no_audit,10MB,10485760,16,t2_t3_write,23079800
B_no_audit,10MB,10485760,16,t3_t4_rename,0
B_no_audit,10MB,10485760,16,t4_t5_audit,700
B_no_audit,10MB,10485760,16,t5_t6_return,3200
B_no_audit,10MB,10485760,16,t0_t6_total,35164900
B_no_audit,10MB,10485760,17,t0_t1_validation,625400
B_no_audit,10MB,10485760,17,t1_t2_encode,10159500
B_no_audit,10MB,10485760,17,t2_t3_write,17766200
B_no_audit,10MB,10485760,17,t3_t4_rename,0
B_no_audit,10MB,10485760,17,t4_t5_audit,900
B_no_audit,10MB,10485760,17,t5_t6_return,200
B_no_audit,10MB,10485760,17,t0_t6_total,28552200
B_no_audit,10MB,10485760,18,t0_t1_validation,365400
B_no_audit,10MB,10485760,18,t1_t2_encode,11404400
B_no_audit,10MB,10485760,18,t2_t3_write,23989400
B_no_audit,10MB,10485760,18,t3_t4_rename,0
B_no_audit,10MB,10485760,18,t4_t5_audit,1800
B_no_audit,10MB,10485760,18,t5_t6_return,400
B_no_audit,10MB,10485760,18,t0_t6_total,35761400
B_no_audit,10MB,10485760,19,t0_t1_validation,977600
B_no_audit,10MB,10485760,19,t1_t2_encode,18549300
B_no_audit,10MB,10485760,19,t2_t3_write,21329100
B_no_audit,10MB,10485760,19,t3_t4_rename,0
B_no_audit,10MB,10485760,19,t4_t5_audit,900
B_no_audit,10MB,10485760,19,t5_t6_return,400
B_no_audit,10MB,10485760,19,t0_t6_total,40857300
B_no_audit,10MB,10485760,20,t0_t1_validation,1352700
B_no_audit,10MB,10485760,20,t1_t2_encode,13573300
B_no_audit,10MB,10485760,20,t2_t3_write,18985700
B_no_audit,10MB,10485760,20,t3_t4_rename,0
B_no_audit,10MB,10485760,20,t4_t5_audit,500
B_no_audit,10MB,10485760,20,t5_t6_return,200
B_no_audit,10MB,10485760,20,t0_t6_total,33912400
B_no_audit,10MB,10485760,21,t0_t1_validation,484100
B_no_audit,10MB,10485760,21,t1_t2_encode,15315100
B_no_audit,10MB,10485760,21,t2_t3_write,23673900
B_no_audit,10MB,10485760,21,t3_t4_rename,0
B_no_audit,10MB,10485760,21,t4_t5_audit,1700
B_no_audit,10MB,10485760,21,t5_t6_return,200
B_no_audit,10MB,10485760,21,t0_t6_total,39475000
B_no_audit,10MB,10485760,22,t0_t1_validation,762700
B_no_audit,10MB,10485760,22,t1_t2_encode,16948800
B_no_audit,10MB,10485760,22,t2_t3_write,22329000
B_no_audit,10MB,10485760,22,t3_t4_rename,0
B_no_audit,10MB,10485760,22,t4_t5_audit,1300
B_no_audit,10MB,10485760,22,t5_t6_return,200
B_no_audit,10MB,10485760,22,t0_t6_total,40042000
B_no_audit,10MB,10485760,23,t0_t1_validation,574500
B_no_audit,10MB,10485760,23,t1_t2_encode,11765700
B_no_audit,10MB,10485760,23,t2_t3_write,14538800
B_no_audit,10MB,10485760,23,t3_t4_rename,0
B_no_audit,10MB,10485760,23,t4_t5_audit,1000
B_no_audit,10MB,10485760,23,t5_t6_return,300
B_no_audit,10MB,10485760,23,t0_t6_total,26880300
B_no_audit,10MB,10485760,24,t0_t1_validation,533600
B_no_audit,10MB,10485760,24,t1_t2_encode,10922200
B_no_audit,10MB,10485760,24,t2_t3_write,16411800
B_no_audit,10MB,10485760,24,t3_t4_rename,0
B_no_audit,10MB,10485760,24,t4_t5_audit,1300
B_no_audit,10MB,10485760,24,t5_t6_return,300
B_no_audit,10MB,10485760,24,t0_t6_total,27869200
B_no_audit,10MB,10485760,25,t0_t1_validation,528000
B_no_audit,10MB,10485760,25,t1_t2_encode,11958900
B_no_audit,10MB,10485760,25,t2_t3_write,13100000
B_no_audit,10MB,10485760,25,t3_t4_rename,0
B_no_audit,10MB,10485760,25,t4_t5_audit,2600
B_no_audit,10MB,10485760,25,t5_t6_return,200
B_no_audit,10MB,10485760,25,t0_t6_total,25589700
B_no_audit,10MB,10485760,26,t0_t1_validation,415400
B_no_audit,10MB,10485760,26,t1_t2_encode,10859100
B_no_audit,10MB,10485760,26,t2_t3_write,13260000
B_no_audit,10MB,10485760,26,t3_t4_rename,0
B_no_audit,10MB,10485760,26,t4_t5_audit,800
B_no_audit,10MB,10485760,26,t5_t6_return,200
B_no_audit,10MB,10485760,26,t0_t6_total,24535500
B_no_audit,10MB,10485760,27,t0_t1_validation,417900
B_no_audit,10MB,10485760,27,t1_t2_encode,10096900
B_no_audit,10MB,10485760,27,t2_t3_write,13702200
B_no_audit,10MB,10485760,27,t3_t4_rename,0
B_no_audit,10MB,10485760,27,t4_t5_audit,600
B_no_audit,10MB,10485760,27,t5_t6_return,200
B_no_audit,10MB,10485760,27,t0_t6_total,24217800
B_no_audit,10MB,10485760,28,t0_t1_validation,362000
B_no_audit,10MB,10485760,28,t1_t2_encode,9318800
B_no_audit,10MB,10485760,28,t2_t3_write,12672700
B_no_audit,10MB,10485760,28,t3_t4_rename,0
B_no_audit,10MB,10485760,28,t4_t5_audit,500
B_no_audit,10MB,10485760,28,t5_t6_return,300
B_no_audit,10MB,10485760,28,t0_t6_total,22354300
B_no_audit,10MB,10485760,29,t0_t1_validation,367400
B_no_audit,10MB,10485760,29,t1_t2_encode,17069100
B_no_audit,10MB,10485760,29,t2_t3_write,23361400
B_no_audit,10MB,10485760,29,t3_t4_rename,0
B_no_audit,10MB,10485760,29,t4_t5_audit,1100
B_no_audit,10MB,10485760,29,t5_t6_return,200
B_no_audit,10MB,10485760,29,t0_t6_total,40799200
C_raw,10MB,10485760,0,t0_t1_validation,566000
C_raw,10MB,10485760,0,t1_t2_encode,13387500
C_raw,10MB,10485760,0,t2_t3_write,5832100
C_raw,10MB,10485760,0,t3_t4_rename,0
C_raw,10MB,10485760,0,t4_t5_audit,0
C_raw,10MB,10485760,0,t5_t6_return,0
C_raw,10MB,10485760,0,t0_t6_total,19785600
C_raw,10MB,10485760,1,t0_t1_validation,898800
C_raw,10MB,10485760,1,t1_t2_encode,10699300
C_raw,10MB,10485760,1,t2_t3_write,5012900
C_raw,10MB,10485760,1,t3_t4_rename,0
C_raw,10MB,10485760,1,t4_t5_audit,0
C_raw,10MB,10485760,1,t5_t6_return,0
C_raw,10MB,10485760,1,t0_t6_total,16611000
C_raw,10MB,10485760,2,t0_t1_validation,593800
C_raw,10MB,10485760,2,t1_t2_encode,12823100
C_raw,10MB,10485760,2,t2_t3_write,5900100
C_raw,10MB,10485760,2,t3_t4_rename,0
C_raw,10MB,10485760,2,t4_t5_audit,0
C_raw,10MB,10485760,2,t5_t6_return,0
C_raw,10MB,10485760,2,t0_t6_total,19317000
C_raw,10MB,10485760,3,t0_t1_validation,576900
C_raw,10MB,10485760,3,t1_t2_encode,13662400
C_raw,10MB,10485760,3,t2_t3_write,7668300
C_raw,10MB,10485760,3,t3_t4_rename,0
C_raw,10MB,10485760,3,t4_t5_audit,0
C_raw,10MB,10485760,3,t5_t6_return,0
C_raw,10MB,10485760,3,t0_t6_total,21907600
C_raw,10MB,10485760,4,t0_t1_validation,583900
C_raw,10MB,10485760,4,t1_t2_encode,16095500
C_raw,10MB,10485760,4,t2_t3_write,7572200
C_raw,10MB,10485760,4,t3_t4_rename,0
C_raw,10MB,10485760,4,t4_t5_audit,0
C_raw,10MB,10485760,4,t5_t6_return,0
C_raw,10MB,10485760,4,t0_t6_total,24251600
C_raw,10MB,10485760,5,t0_t1_validation,697100
C_raw,10MB,10485760,5,t1_t2_encode,12310000
C_raw,10MB,10485760,5,t2_t3_write,5773800
C_raw,10MB,10485760,5,t3_t4_rename,0
C_raw,10MB,10485760,5,t4_t5_audit,0
C_raw,10MB,10485760,5,t5_t6_return,0
C_raw,10MB,10485760,5,t0_t6_total,18780900
C_raw,10MB,10485760,6,t0_t1_validation,484500
C_raw,10MB,10485760,6,t1_t2_encode,12053000
C_raw,10MB,10485760,6,t2_t3_write,5486700
C_raw,10MB,10485760,6,t3_t4_rename,0
C_raw,10MB,10485760,6,t4_t5_audit,0
C_raw,10MB,10485760,6,t5_t6_return,0
C_raw,10MB,10485760,6,t0_t6_total,18024200
C_raw,10MB,10485760,7,t0_t1_validation,413100
C_raw,10MB,10485760,7,t1_t2_encode,15012100
C_raw,10MB,10485760,7,t2_t3_write,7470300
C_raw,10MB,10485760,7,t3_t4_rename,0
C_raw,10MB,10485760,7,t4_t5_audit,0
C_raw,10MB,10485760,7,t5_t6_return,0
C_raw,10MB,10485760,7,t0_t6_total,22895500
C_raw,10MB,10485760,8,t0_t1_validation,759300
C_raw,10MB,10485760,8,t1_t2_encode,18465600
C_raw,10MB,10485760,8,t2_t3_write,6654600
C_raw,10MB,10485760,8,t3_t4_rename,0
C_raw,10MB,10485760,8,t4_t5_audit,0
C_raw,10MB,10485760,8,t5_t6_return,0
C_raw,10MB,10485760,8,t0_t6_total,25879500
C_raw,10MB,10485760,9,t0_t1_validation,449800
C_raw,10MB,10485760,9,t1_t2_encode,11037600
C_raw,10MB,10485760,9,t2_t3_write,4917000
C_raw,10MB,10485760,9,t3_t4_rename,0
C_raw,10MB,10485760,9,t4_t5_audit,0
C_raw,10MB,10485760,9,t5_t6_return,0
C_raw,10MB,10485760,9,t0_t6_total,16404400
C_raw,10MB,10485760,10,t0_t1_validation,585300
C_raw,10MB,10485760,10,t1_t2_encode,9312800
C_raw,10MB,10485760,10,t2_t3_write,4606300
C_raw,10MB,10485760,10,t3_t4_rename,0
C_raw,10MB,10485760,10,t4_t5_audit,0
C_raw,10MB,10485760,10,t5_t6_return,0
C_raw,10MB,10485760,10,t0_t6_total,14504400
C_raw,10MB,10485760,11,t0_t1_validation,408300
C_raw,10MB,10485760,11,t1_t2_encode,9740200
C_raw,10MB,10485760,11,t2_t3_write,5461800
C_raw,10MB,10485760,11,t3_t4_rename,0
C_raw,10MB,10485760,11,t4_t5_audit,0
C_raw,10MB,10485760,11,t5_t6_return,0
C_raw,10MB,10485760,11,t0_t6_total,15610300
C_raw,10MB,10485760,12,t0_t1_validation,593800
C_raw,10MB,10485760,12,t1_t2_encode,12467700
C_raw,10MB,10485760,12,t2_t3_write,6881300
C_raw,10MB,10485760,12,t3_t4_rename,0
C_raw,10MB,10485760,12,t4_t5_audit,0
C_raw,10MB,10485760,12,t5_t6_return,0
C_raw,10MB,10485760,12,t0_t6_total,19942800
C_raw,10MB,10485760,13,t0_t1_validation,686900
C_raw,10MB,10485760,13,t1_t2_encode,8240100
C_raw,10MB,10485760,13,t2_t3_write,5772200
C_raw,10MB,10485760,13,t3_t4_rename,0
C_raw,10MB,10485760,13,t4_t5_audit,0
C_raw,10MB,10485760,13,t5_t6_return,0
C_raw,10MB,10485760,13,t0_t6_total,14699200
C_raw,10MB,10485760,14,t0_t1_validation,1297800
C_raw,10MB,10485760,14,t1_t2_encode,10967700
C_raw,10MB,10485760,14,t2_t3_write,6981800
C_raw,10MB,10485760,14,t3_t4_rename,0
C_raw,10MB,10485760,14,t4_t5_audit,0
C_raw,10MB,10485760,14,t5_t6_return,0
C_raw,10MB,10485760,14,t0_t6_total,19247300
C_raw,10MB,10485760,15,t0_t1_validation,428200
C_raw,10MB,10485760,15,t1_t2_encode,9896500
C_raw,10MB,10485760,15,t2_t3_write,6429900
C_raw,10MB,10485760,15,t3_t4_rename,0
C_raw,10MB,10485760,15,t4_t5_audit,0
C_raw,10MB,10485760,15,t5_t6_return,0
C_raw,10MB,10485760,15,t0_t6_total,16754600
C_raw,10MB,10485760,16,t0_t1_validation,552700
C_raw,10MB,10485760,16,t1_t2_encode,14582100
C_raw,10MB,10485760,16,t2_t3_write,8343800
C_raw,10MB,10485760,16,t3_t4_rename,0
C_raw,10MB,10485760,16,t4_t5_audit,0
C_raw,10MB,10485760,16,t5_t6_return,0
C_raw,10MB,10485760,16,t0_t6_total,23478600
C_raw,10MB,10485760,17,t0_t1_validation,847700
C_raw,10MB,10485760,17,t1_t2_encode,16040200
C_raw,10MB,10485760,17,t2_t3_write,7291200
C_raw,10MB,10485760,17,t3_t4_rename,0
C_raw,10MB,10485760,17,t4_t5_audit,0
C_raw,10MB,10485760,17,t5_t6_return,0
C_raw,10MB,10485760,17,t0_t6_total,24179100
C_raw,10MB,10485760,18,t0_t1_validation,747100
C_raw,10MB,10485760,18,t1_t2_encode,13930600
C_raw,10MB,10485760,18,t2_t3_write,5208400
C_raw,10MB,10485760,18,t3_t4_rename,0
C_raw,10MB,10485760,18,t4_t5_audit,0
C_raw,10MB,10485760,18,t5_t6_return,0
C_raw,10MB,10485760,18,t0_t6_total,19886100
C_raw,10MB,10485760,19,t0_t1_validation,596800
C_raw,10MB,10485760,19,t1_t2_encode,11621700
C_raw,10MB,10485760,19,t2_t3_write,4291900
C_raw,10MB,10485760,19,t3_t4_rename,0
C_raw,10MB,10485760,19,t4_t5_audit,0
C_raw,10MB,10485760,19,t5_t6_return,0
C_raw,10MB,10485760,19,t0_t6_total,16510400
C_raw,10MB,10485760,20,t0_t1_validation,448600
C_raw,10MB,10485760,20,t1_t2_encode,13969300
C_raw,10MB,10485760,20,t2_t3_write,8790600
C_raw,10MB,10485760,20,t3_t4_rename,0
C_raw,10MB,10485760,20,t4_t5_audit,0
C_raw,10MB,10485760,20,t5_t6_return,0
C_raw,10MB,10485760,20,t0_t6_total,23208500
C_raw,10MB,10485760,21,t0_t1_validation,725300
C_raw,10MB,10485760,21,t1_t2_encode,11645200
C_raw,10MB,10485760,21,t2_t3_write,6099900
C_raw,10MB,10485760,21,t3_t4_rename,0
C_raw,10MB,10485760,21,t4_t5_audit,0
C_raw,10MB,10485760,21,t5_t6_return,0
C_raw,10MB,10485760,21,t0_t6_total,18470400
C_raw,10MB,10485760,22,t0_t1_validation,649000
C_raw,10MB,10485760,22,t1_t2_encode,11209200
C_raw,10MB,10485760,22,t2_t3_write,5427300
C_raw,10MB,10485760,22,t3_t4_rename,0
C_raw,10MB,10485760,22,t4_t5_audit,0
C_raw,10MB,10485760,22,t5_t6_return,0
C_raw,10MB,10485760,22,t0_t6_total,17285500
C_raw,10MB,10485760,23,t0_t1_validation,440700
C_raw,10MB,10485760,23,t1_t2_encode,11425400
C_raw,10MB,10485760,23,t2_t3_write,6969600
C_raw,10MB,10485760,23,t3_t4_rename,0
C_raw,10MB,10485760,23,t4_t5_audit,0
C_raw,10MB,10485760,23,t5_t6_return,0
C_raw,10MB,10485760,23,t0_t6_total,18835700
C_raw,10MB,10485760,24,t0_t1_validation,1721700
C_raw,10MB,10485760,24,t1_t2_encode,9424100
C_raw,10MB,10485760,24,t2_t3_write,7125800
C_raw,10MB,10485760,24,t3_t4_rename,0
C_raw,10MB,10485760,24,t4_t5_audit,0
C_raw,10MB,10485760,24,t5_t6_return,0
C_raw,10MB,10485760,24,t0_t6_total,18271600
C_raw,10MB,10485760,25,t0_t1_validation,608900
C_raw,10MB,10485760,25,t1_t2_encode,11791200
C_raw,10MB,10485760,25,t2_t3_write,7568900
C_raw,10MB,10485760,25,t3_t4_rename,0
C_raw,10MB,10485760,25,t4_t5_audit,0
C_raw,10MB,10485760,25,t5_t6_return,0
C_raw,10MB,10485760,25,t0_t6_total,19969000
C_raw,10MB,10485760,26,t0_t1_validation,572200
C_raw,10MB,10485760,26,t1_t2_encode,9700400
C_raw,10MB,10485760,26,t2_t3_write,9618200
C_raw,10MB,10485760,26,t3_t4_rename,0
C_raw,10MB,10485760,26,t4_t5_audit,0
C_raw,10MB,10485760,26,t5_t6_return,0
C_raw,10MB,10485760,26,t0_t6_total,19890800
C_raw,10MB,10485760,27,t0_t1_validation,541700
C_raw,10MB,10485760,27,t1_t2_encode,9349900
C_raw,10MB,10485760,27,t2_t3_write,10010000
C_raw,10MB,10485760,27,t3_t4_rename,0
C_raw,10MB,10485760,27,t4_t5_audit,0
C_raw,10MB,10485760,27,t5_t6_return,0
C_raw,10MB,10485760,27,t0_t6_total,19901600
C_raw,10MB,10485760,28,t0_t1_validation,750300
C_raw,10MB,10485760,28,t1_t2_encode,11815800
C_raw,10MB,10485760,28,t2_t3_write,10954700
C_raw,10MB,10485760,28,t3_t4_rename,0
C_raw,10MB,10485760,28,t4_t5_audit,0
C_raw,10MB,10485760,28,t5_t6_return,0
C_raw,10MB,10485760,28,t0_t6_total,23520800
C_raw,10MB,10485760,29,t0_t1_validation,692500
C_raw,10MB,10485760,29,t1_t2_encode,13098600
C_raw,10MB,10485760,29,t2_t3_write,9808600
C_raw,10MB,10485760,29,t3_t4_rename,0
C_raw,10MB,10485760,29,t4_t5_audit,0
C_raw,10MB,10485760,29,t5_t6_return,0
C_raw,10MB,10485760,29,t0_t6_total,23599700
